,reference,book,token,sentence,entity_id,woman_word,flair_ner,topostext,wikidata
0,1,1,εἰ,0,-,-,-,-,-
1,1,1,"μέν,",0,-,-,-,-,-
2,1,1,ὦ,0,-,-,-,-,-
3,1,1,"ἄνδρες,",0,-,-,-,-,-
4,1,1,ἐν,0,-,-,-,-,-
5,1,1,ἑτέρῳ,0,-,-,-,-,-
6,1,1,τῳ,0,-,-,-,-,-
7,1,1,πράγματι,0,-,-,-,-,-
8,1,1,οἱ,0,-,-,-,-,-
9,1,1,παριόντες,0,-,-,-,-,-
10,1,1,μὴ,0,-,-,-,-,-
11,1,1,τὴν,0,-,-,-,-,-
12,1,1,αὐτὴν,0,-,-,-,-,-
13,1,1,γνώμην,0,-,-,-,-,-
14,1,1,ἔχοντες,0,-,-,-,-,-
15,1,1,πάντες,0,-,-,-,-,-
16,1,1,"ἐφαίνοντο,",0,-,-,-,-,-
17,1,1,οὐδὲν,0,-,-,-,-,-
18,1,1,ἂν,0,-,-,-,-,-
19,1,1,θαυμαστὸν,0,-,-,-,-,-
20,1,1,ἐνόμιζον·,0,-,-,-,-,-
21,1,1,ὅπου,0,-,-,-,-,-
22,1,1,μέντοι,0,-,-,-,-,-
23,1,1,δεῖ,0,-,-,-,-,-
24,1,1,τὴν,0,-,-,-,-,-
25,1,1,πόλιν,0,-,-,-,-,-
26,1,1,ἐμέ,0,-,-,-,-,-
27,1,1,τι,0,-,-,-,-,-
28,1,1,ποιῆσαι,0,-,-,-,-,-
29,1,1,"ἀγαθόν,",0,-,-,-,-,-
30,1,1,ἢ,0,-,-,-,-,-
31,1,1,εἴ,0,-,-,-,-,-
32,1,1,τις,0,-,-,-,-,-
33,1,1,ἕτεροςἕτερος,0,-,-,-,-,-
34,1,1,Reiske:,0,-,-,-,-,-
35,1,1,ἑτέρως,0,-,-,-,-,-
36,1,1,codd.,0,-,-,-,-,-
37,1,1,βούλοιτο,0,-,-,-,-,-
38,1,1,ἐμοῦ,0,-,-,-,-,-
39,1,1,"κακίων,",0,-,-,-,-,-
40,1,1,δεινότατον,0,-,-,-,-,-
41,1,1,ἁπάντων,0,-,-,-,-,-
42,1,1,χρημάτων,0,-,-,-,-,-
43,1,1,"ἡγοῦμαι,",0,-,-,-,-,-
44,1,1,εἰ,0,-,-,-,-,-
45,1,1,τῷ,0,-,-,-,-,-
46,1,1,μὲν,0,-,-,-,-,-
47,1,1,δοκεῖ,0,-,-,-,-,-
48,1,1,ταῦτα,0,-,-,-,-,-
49,1,1,τῷ,0,-,-,-,-,-
50,1,1,δὲ,0,-,-,-,-,-
51,1,1,"μή,",0,-,-,-,-,-
52,1,1,ἀλλὰ,0,-,-,-,-,-
53,1,1,μὴ,0,-,-,-,-,-
54,1,1,πᾶσιν,0,-,-,-,-,-
55,1,1,ὁμοίως.,0,-,-,-,-,-
56,1,1,εἴπερ,0,-,-,-,-,-
57,1,1,γὰρ,0,-,-,-,-,-
58,1,1,ἡ,0,-,-,-,-,-
59,1,1,πόλις,0,-,-,-,-,-
60,1,1,ἁπάντων,0,-,-,-,-,-
61,1,1,τῶν,0,-,-,-,-,-
62,1,1,πολιτευομένων,0,-,-,-,-,-
63,1,1,κοινή,0,-,-,-,-,-
64,1,1,"ἐστι,",0,-,-,-,-,-
65,1,1,καὶ,0,-,-,-,-,-
66,1,1,τὰ,0,-,-,-,-,-
67,1,1,γιγνόμενα,0,-,-,-,-,-
68,1,1,δήπου,0,-,-,-,-,-
69,1,1,ἀγαθὰ,0,-,-,-,-,-
70,1,1,τῇ,0,-,-,-,-,-
71,1,1,πόλει,0,-,-,-,-,-
72,1,1,κοινά,0,-,-,-,-,-
73,1,1,ἐστι.,0,-,-,-,-,-
74,2,2,τουτὶ,0,-,-,-,-,-
75,2,2,τοίνυν,0,-,-,-,-,-
76,2,2,τὸ,0,-,-,-,-,-
77,2,2,μέγα,0,-,-,-,-,-
78,2,2,καὶ,0,-,-,-,-,-
79,2,2,δεινὸν,0,-,-,-,-,-
80,2,2,πάρεστιν,0,-,-,-,-,-
81,2,2,ὑμῖν,0,-,-,-,-,-
82,2,2,ὁρᾶν,0,-,-,-,-,-
83,2,2,τοὺς,0,-,-,-,-,-
84,2,2,μὲν,0,-,-,-,-,-
85,2,2,ἤδη,0,-,-,-,-,-
86,2,2,"πράττοντας,",0,-,-,-,-,-
87,2,2,τοὺς,0,-,-,-,-,-
88,2,2,δὲ,0,-,-,-,-,-
89,2,2,τάχα,0,-,-,-,-,-
90,2,2,μέλλοντας·,0,-,-,-,-,-
91,2,2,καί,0,-,-,-,-,-
92,2,2,μοι,0,-,-,-,-,-
93,2,2,μέγιστον,0,-,-,-,-,-
94,2,2,θαῦμα,0,-,-,-,-,-
95,2,2,"παρέστηκε,",0,-,-,-,-,-
96,2,2,τί,0,-,-,-,-,-
97,2,2,ποτε,0,-,-,-,-,-
98,2,2,οὗτοι,0,-,-,-,-,-
99,2,2,οἱ,0,-,-,-,-,-
100,2,2,ἄνδρες,0,-,-,-,-,-
101,2,2,δεινῶς,0,-,-,-,-,-
102,2,2,οὕτω,0,-,-,-,-,-
103,2,2,"περικάονται,",0,-,-,-,-,-
104,2,2,εἴ,0,-,-,-,-,-
105,2,2,τι,0,-,-,-,-,-
106,2,2,ὑμᾶς,0,-,-,-,-,-
107,2,2,χρὴ,0,-,-,-,-,-
108,2,2,ἀγαθὸν,0,-,-,-,-,-
109,2,2,ἐμοῦ,0,-,-,-,-,-
110,2,2,ἐπαυρέσθαι.,0,-,-,-,-,-
111,2,2,δεῖ,0,-,-,-,-,-
112,2,2,γὰρ,0,-,-,-,-,-
113,2,2,αὐτοὺς,0,-,-,-,-,-
114,2,2,ἤτοι,0,-,-,-,-,-
115,2,2,ἀμαθεστάτους,0,-,-,-,-,-
116,2,2,εἶναι,0,-,-,-,-,-
117,2,2,πάντων,0,-,-,-,-,-
118,2,2,"ἀνθρώπων,",0,-,-,-,-,-
119,2,2,ἢ,0,-,-,-,-,-
120,2,2,τῇ,0,-,-,-,-,-
121,2,2,πόλει,0,-,-,-,-,-
122,2,2,ταύτῃ,0,-,-,-,-,-
123,2,2,δυσμενεστάτους.,0,-,-,-,-,-
124,2,2,εἰ,0,-,-,-,-,-
125,2,2,μέν,0,-,-,-,-,-
126,2,2,γε,0,-,-,-,-,-
127,2,2,νομίζουσι,0,-,-,-,-,-
128,2,2,τῆς,0,-,-,-,-,-
129,2,2,πόλεως,0,-,-,-,-,-
130,2,2,εὖ,0,-,-,-,-,-
131,2,2,πραττούσης,0,-,-,-,-,-
132,2,2,καὶ,0,-,-,-,-,-
133,2,2,τὰ,0,-,-,-,-,-
134,2,2,ἴδια,0,-,-,-,-,-
135,2,2,σφῶν,0,-,-,-,-,-
136,2,2,αὐτῶν,0,-,-,-,-,-
137,2,2,ἄμεινον,0,-,-,-,-,-
138,2,2,ἂν,0,-,-,-,-,-
139,2,2,"φέρεσθαι,",0,-,-,-,-,-
140,2,2,ἀμαθέστατοί,0,-,-,-,-,-
141,2,2,εἰσι,0,-,-,-,-,-
142,2,2,τὰ,0,-,-,-,-,-
143,2,2,ἐναντία,0,-,-,-,-,-
144,2,2,νῦν,0,-,-,-,-,-
145,2,2,τῇ,0,-,-,-,-,-
146,2,2,ἑαυτῶν,0,-,-,-,-,-
147,2,2,ὠφελείᾳ,0,-,-,-,-,-
148,2,2,σπεύδοντες·,0,-,-,-,-,-
149,3,3,εἰ,0,-,-,-,-,-
150,3,3,δὲ,0,-,-,-,-,-
151,3,3,μὴ,0,-,-,-,-,-
152,3,3,ταὐτὰ,0,-,-,-,-,-
153,3,3,ἡγοῦνται,0,-,-,-,-,-
154,3,3,σφίσι,0,-,-,-,-,-
155,3,3,τε,0,-,-,-,-,-
156,3,3,αὐτοῖς,0,-,-,-,-,-
157,3,3,συμφέρειν,0,-,-,-,-,-
158,3,3,καὶ,0,-,-,-,-,-
159,3,3,τῷ,0,-,-,-,-,-
160,3,3,ὑμετέρῳ,0,-,-,-,-,-
161,3,3,"κοινῷ,",0,-,-,-,-,-
162,3,3,δυσμενεῖς,0,-,-,-,-,-
163,3,3,ἂν,0,-,-,-,-,-
164,3,3,τῇ,0,-,-,-,-,-
165,3,3,πόλει,0,-,-,-,-,-
166,3,3,εἶεν·,0,-,-,-,-,-
167,3,3,οἵτινες,0,-,-,-,-,-
168,3,3,εἰσαγγείλαντός,0,-,-,-,-,-
169,3,3,μου,0,-,-,-,-,-
170,3,3,ἀπόρρητα,0,-,-,-,-,-
171,3,3,εἰς,0,-,-,-,-,-
172,3,3,τὴν,0,-,-,-,-,-
173,3,3,βουλὴν,0,1,-,B-ORG,-,-
174,3,3,περὶ,0,-,-,-,-,-
175,3,3,τῶν,0,-,-,-,-,-
176,3,3,"πραγμάτων,",0,-,-,-,-,-
177,3,3,ὧν,0,-,-,-,-,-
178,3,3,ἀποτελεσθέντων,0,-,-,-,-,-
179,3,3,οὐκ,0,-,-,-,-,-
180,3,3,εἰσὶ,0,-,-,-,-,-
181,3,3,τῇ,0,-,-,-,-,-
182,3,3,πόλει,0,-,-,-,-,-
183,3,3,ταύτῃ,0,-,-,-,-,-
184,3,3,μείζονες,0,-,-,-,-,-
185,3,3,"ὠφέλειαι,",0,-,-,-,-,-
186,3,3,καὶ,0,-,-,-,-,-
187,3,3,τούτων,0,-,-,-,-,-
188,3,3,ἀποδεικνύντος,0,-,-,-,-,-
189,3,3,μου,0,-,-,-,-,-
190,3,3,τοῖς,0,-,-,-,-,-
191,3,3,βουλευταῖς,0,-,-,-,-,-
192,3,3,σαφεῖς,0,-,-,-,-,-
193,3,3,τε,0,-,-,-,-,-
194,3,3,καὶ,0,-,-,-,-,-
195,3,3,βεβαίους,0,-,-,-,-,-
196,3,3,τὰς,0,-,-,-,-,-
197,3,3,"ἀποδείξεις,",0,-,-,-,-,-
198,3,3,ἐκεῖ,0,-,-,-,-,-
199,3,3,μὲν,0,-,-,-,-,-
200,3,3,οὔτε,0,-,-,-,-,-
201,3,3,τούτων,0,-,-,-,-,-
202,3,3,τῶν,0,-,-,-,-,-
203,3,3,ἀνδρῶν,0,-,-,-,-,-
204,3,3,οἱ,0,-,-,-,-,-
205,3,3,παραγενόμενοι,0,-,-,-,-,-
206,3,3,ἐλέγχοντεςἐλέγχοντες,0,-,-,-,-,-
207,3,3,Emperius:,0,-,-,-,-,-
208,3,3,ἐλέγξοντες,0,-,-,-,-,-
209,3,3,codd.,0,-,-,-,-,-
210,3,3,οἷοί,0,-,-,-,-,-
211,3,3,τʼ,0,-,-,-,-,-
212,3,3,ἦσαν,0,-,-,-,-,-
213,3,3,ἀποδεῖξαι,0,-,-,-,-,-
214,3,3,εἴ,0,-,-,-,-,-
215,3,3,τι,0,-,-,-,-,-
216,3,3,μὴ,0,-,-,-,-,-
217,3,3,ὀρθῶς,0,-,-,-,-,-
218,3,3,"ἐλέγετο,",0,-,-,-,-,-
219,3,3,οὔτʼ,0,-,-,-,-,-
220,3,3,ἄλλος,0,-,-,-,-,-
221,3,3,"οὐδείς,",0,-,-,-,-,-
222,3,3,ἐνθάδε,0,-,-,-,-,-
223,3,3,δὲ,0,-,-,-,-,-
224,3,3,νῦν,0,-,-,-,-,-
225,3,3,πειρῶνται,0,-,-,-,-,-
226,3,3,διαβάλλειν.,0,-,-,-,-,-
227,4,4,σημεῖον,0,-,-,-,-,-
228,4,4,οὖν,0,-,-,-,-,-
229,4,4,τοῦτο,0,-,-,-,-,-
230,4,4,ὅτι,0,-,-,-,-,-
231,4,4,οὗτοι,0,-,-,-,-,-
232,4,4,οὐκ,0,-,-,-,-,-
233,4,4,ἀφʼ,0,-,-,-,-,-
234,4,4,αὑτῶν,0,-,-,-,-,-
235,4,4,ταῦτα,0,-,-,-,-,-
236,4,4,πράττουσιν,0,-,-,-,-,-
237,4,4,—,0,-,-,-,-,-
238,4,4,εὐθὺς,0,-,-,-,-,-
239,4,4,γὰρ,0,-,-,-,-,-
240,4,4,ἂν,0,-,-,-,-,-
241,4,4,τότε,0,-,-,-,-,-
242,4,4,ἠναντιοῦντο,0,-,-,-,-,-
243,4,4,—,0,-,-,-,-,-
244,4,4,ἀλλʼ,0,-,-,-,-,-
245,4,4,ἀπʼ,0,-,-,-,-,-
246,4,4,ἀνδρῶν,0,-,-,-,-,-
247,4,4,"ἑτέρων,",0,-,-,-,-,-
248,4,4,οἷοί,0,-,-,-,-,-
249,4,4,εἰσιν,0,-,-,-,-,-
250,4,4,ἐν,0,-,-,-,-,-
251,4,4,τῇ,0,-,-,-,-,-
252,4,4,πόλει,0,-,-,-,-,-
253,4,4,"ταύτῃ,",0,-,-,-,-,-
254,4,4,οὐδενὸς,0,-,-,-,-,-
255,4,4,ἂν,0,-,-,-,-,-
256,4,4,χρήματος,0,-,-,-,-,-
257,4,4,δεξάμενοι,0,-,-,-,-,-
258,4,4,ὑμᾶς,0,-,-,-,-,-
259,4,4,τι,0,-,-,-,-,-
260,4,4,ἀγαθὸν,0,-,-,-,-,-
261,4,4,ἐξ,0,-,-,-,-,-
262,4,4,ἐμοῦ,0,-,-,-,-,-
263,4,4,πρᾶξαι.,0,-,-,-,-,-
264,4,4,καὶ,0,-,-,-,-,-
265,4,4,αὐτοὶ,0,-,-,-,-,-
266,4,4,μὲν,0,-,-,-,-,-
267,4,4,οὗτοι,0,-,-,-,-,-
268,4,4,οἱ,0,-,-,-,-,-
269,4,4,ἄνδρες,0,-,-,-,-,-
270,4,4,οὐ,0,-,-,-,-,-
271,4,4,τολμῶσι,0,-,-,-,-,-
272,4,4,σφᾶς,0,-,-,-,-,-
273,4,4,αὐτοὺς,0,-,-,-,-,-
274,4,4,εἰς,0,-,-,-,-,-
275,4,4,τὸ,0,-,-,-,-,-
276,4,4,μέσον,0,-,-,-,-,-
277,4,4,καταστήσαντες,0,-,-,-,-,-
278,4,4,διισχυρίζεσθαι,0,-,-,-,-,-
279,4,4,περὶ,0,-,-,-,-,-
280,4,4,"τούτων,",0,-,-,-,-,-
281,4,4,φοβούμενοι,0,-,-,-,-,-
282,4,4,ἔλεγχον,0,-,-,-,-,-
283,4,4,διδόναι,0,-,-,-,-,-
284,4,4,εἴ,0,-,-,-,-,-
285,4,4,τι,0,-,-,-,-,-
286,4,4,εἰς,0,-,-,-,-,-
287,4,4,ὑμᾶς,0,-,-,-,-,-
288,4,4,τυγχάνουσι,0,-,-,-,-,-
289,4,4,μὴ,0,-,-,-,-,-
290,4,4,εὖ,0,-,-,-,-,-
291,4,4,φρονοῦντες·,0,-,-,-,-,-
292,4,4,ἑτέρους,0,-,-,-,-,-
293,4,4,δὲ,0,-,-,-,-,-
294,4,4,"εἰσπέμπουσι,",0,-,-,-,-,-
295,4,4,τοιούτους,0,-,-,-,-,-
296,4,4,ἀνθρώπους,0,-,-,-,-,-
297,4,4,οἷς,0,-,-,-,-,-
298,4,4,εἰθισμένοις,0,-,-,-,-,-
299,4,4,ἤδη,0,-,-,-,-,-
300,4,4,ἀναισχυντεῖν,0,-,-,-,-,-
301,4,4,οὐδὲν,0,-,-,-,-,-
302,4,4,διαφέρει,0,-,-,-,-,-
303,4,4,εἰπεῖν,0,-,-,-,-,-
304,4,4,τε,0,-,-,-,-,-
305,4,4,καὶ,0,-,-,-,-,-
306,4,4,ἀκοῦσαι,0,-,-,-,-,-
307,4,4,τὰ,0,-,-,-,-,-
308,4,4,μέγιστα,0,-,-,-,-,-
309,4,4,τῶν,0,-,-,-,-,-
310,4,4,κακῶν.,0,-,-,-,-,-
311,5,5,τὸ,0,-,-,-,-,-
312,5,5,δʼ,0,-,-,-,-,-
313,5,5,ἰσχυρὸν,0,-,-,-,-,-
314,5,5,τοῦτο,0,-,-,-,-,-
315,5,5,μόνον,0,-,-,-,-,-
316,5,5,εὕροι,0,-,-,-,-,-
317,5,5,τις,0,-,-,-,-,-
318,5,5,ἂν,0,-,-,-,-,-
319,5,5,αὐτῶν,0,-,-,-,-,-
320,5,5,ἐν,0,-,-,-,-,-
321,5,5,τοῖς,0,-,-,-,-,-
322,5,5,"λόγοις,",0,-,-,-,-,-
323,5,5,τὰς,0,-,-,-,-,-
324,5,5,ἐμὰς,0,-,-,-,-,-
325,5,5,συμφορὰς,0,-,-,-,-,-
326,5,5,ἐπὶ,0,-,-,-,-,-
327,5,5,παντὶ,0,-,-,-,-,-
328,5,5,"ὀνειδίζειν,",0,-,-,-,-,-
329,5,5,καὶ,0,-,-,-,-,-
330,5,5,ταῦτα,0,-,-,-,-,-
331,5,5,ἐν,0,-,-,-,-,-
332,5,5,εἰδόσι,0,-,-,-,-,-
333,5,5,δήπου,0,-,-,-,-,-
334,5,5,κάλλιον,0,-,-,-,-,-
335,5,5,"ὑμῖν,",0,-,-,-,-,-
336,5,5,ὥστε,0,-,-,-,-,-
337,5,5,μηδὲν,0,-,-,-,-,-
338,5,5,ἂν,0,-,-,-,-,-
339,5,5,τούτων,0,-,-,-,-,-
340,5,5,δικαίως,0,-,-,-,-,-
341,5,5,τιμὴν,0,-,-,-,-,-
342,5,5,αὐτοῖς,0,-,-,-,-,-
343,5,5,τινα,0,-,-,-,-,-
344,5,5,φέρειν.ἐμοὶ,0,-,-,-,-,-
345,5,5,"δέ,",0,-,-,-,-,-
346,5,5,ὦ,0,-,-,-,-,-
347,5,5,"ἄνδρες,",0,-,-,-,-,-
348,5,5,καὶ,0,-,-,-,-,-
349,5,5,τῷ,0,-,-,-,-,-
350,5,5,πρώτῳ,0,-,-,-,-,-
351,5,5,τοῦτο,0,-,-,-,-,-
352,5,5,εἰπόντι,0,-,-,-,-,-
353,5,5,ὀρθῶς,0,-,-,-,-,-
354,5,5,δοκεῖ,0,-,-,-,-,-
355,5,5,"εἰρῆσθαι,",0,-,-,-,-,-
356,5,5,ὅτι,0,-,-,-,-,-
357,5,5,πάντες,0,-,-,-,-,-
358,5,5,ἄνθρωποι,0,-,-,-,-,-
359,5,5,γίγνονται,0,-,-,-,-,-
360,5,5,ἐπὶ,0,-,-,-,-,-
361,5,5,τῷ,0,-,-,-,-,-
362,5,5,εὖ,0,-,-,-,-,-
363,5,5,καὶ,0,-,-,-,-,-
364,5,5,κακῶς,0,-,-,-,-,-
365,5,5,"πράττειν,",0,-,-,-,-,-
366,5,5,μεγάλη,0,-,-,-,-,-
367,5,5,δὲ,0,-,-,-,-,-
368,5,5,δήπου,0,-,-,-,-,-
369,5,5,καὶ,0,-,-,-,-,-
370,5,5,τὸ,0,-,-,-,-,-
371,5,5,ἐξαμαρτεῖν,0,-,-,-,-,-
372,5,5,δυσπραξία,0,-,-,-,-,-
373,5,5,"ἐστί,",0,-,-,-,-,-
374,6,6,καὶ,0,-,-,-,-,-
375,6,6,εἰσὶν,0,-,-,-,-,-
376,6,6,εὐτυχέστατοι,0,-,-,-,-,-
377,6,6,μὲν,0,-,-,-,-,-
378,6,6,οἱ,0,-,-,-,-,-
379,6,6,ἐλάχιστα,0,-,-,-,-,-
380,6,6,"ἐξαμαρτάνοντες,",0,-,-,-,-,-
381,6,6,σωφρονέστατοι,0,-,-,-,-,-
382,6,6,δὲ,0,-,-,-,-,-
383,6,6,οἳ,0,-,-,-,-,-
384,6,6,ἂν,0,-,-,-,-,-
385,6,6,τάχιστα,0,-,-,-,-,-
386,6,6,μεταγιγνώσκωσι.,0,-,-,-,-,-
387,6,6,καὶ,0,-,-,-,-,-
388,6,6,ταῦτα,0,-,-,-,-,-
389,6,6,οὐ,0,-,-,-,-,-
390,6,6,διακέκριται,0,-,-,-,-,-
391,6,6,τοῖς,0,-,-,-,-,-
392,6,6,μὲν,0,-,-,-,-,-
393,6,6,γίγνεσθαι,0,-,-,-,-,-
394,6,6,τοῖς,0,-,-,-,-,-
395,6,6,δὲ,0,-,-,-,-,-
396,6,6,"μή,",0,-,-,-,-,-
397,6,6,ἀλλʼ,0,-,-,-,-,-
398,6,6,ἔστιν,0,-,-,-,-,-
399,6,6,ἐν,0,-,-,-,-,-
400,6,6,τῷ,0,-,-,-,-,-
401,6,6,κοινῷ,0,-,-,-,-,-
402,6,6,πᾶσιν,0,-,-,-,-,-
403,6,6,ἀνθρώποις,0,-,-,-,-,-
404,6,6,καὶ,0,-,-,-,-,-
405,6,6,ἐξαμαρτεῖν,0,-,-,-,-,-
406,6,6,τι,0,-,-,-,-,-
407,6,6,καὶ,0,-,-,-,-,-
408,6,6,κακῶς,0,-,-,-,-,-
409,6,6,πρᾶξαι.,0,-,-,-,-,-
410,6,6,ὧν,0,-,-,-,-,-
411,6,6,"ἕνεκα,",0,-,-,-,-,-
412,6,6,ὦ,0,-,-,-,-,-
413,6,6,"Ἀθηναῖοι,",0,-,-,-,-,-
414,6,6,εἰ,0,-,-,-,-,-
415,6,6,ἀνθρωπίνως,0,-,-,-,-,-
416,6,6,περὶ,0,-,-,-,-,-
417,6,6,ἐμοῦ,0,-,-,-,-,-
418,6,6,"γιγνώσκοιτε,",0,-,-,-,-,-
419,6,6,εἴητε,0,-,-,-,-,-
420,6,6,ἂν,0,-,-,-,-,-
421,6,6,ἄνδρες,0,-,-,-,-,-
422,6,6,εὐγνωμονέστεροι.,0,-,-,-,-,-
423,6,6,οὐ,0,-,-,-,-,-
424,6,6,γὰρ,0,-,-,-,-,-
425,6,6,φθόνου,0,-,-,-,-,-
426,6,6,μᾶλλον,0,-,-,-,-,-
427,6,6,ἢ,0,-,-,-,-,-
428,6,6,οἴκτου,0,-,-,-,-,-
429,6,6,ἄξιά,0,-,-,-,-,-
430,6,6,μοί,0,-,-,-,-,-
431,6,6,ἐστι,0,-,-,-,-,-
432,6,6,τὰ,0,-,-,-,-,-
433,6,6,γεγενημένα·,0,-,-,-,-,-
434,7,7,ὃς,0,-,-,-,-,-
435,7,7,εἰς,0,-,-,-,-,-
436,7,7,τοσοῦτον,0,-,-,-,-,-
437,7,7,ἦλθον,0,-,-,-,-,-
438,7,7,"δυσδαιμονίας,",0,-,-,-,-,-
439,7,7,εἴτε,0,-,-,-,-,-
440,7,7,χρὴ,0,-,-,-,-,-
441,7,7,εἰπεῖν,0,-,-,-,-,-
442,7,7,νεότητί,0,-,-,-,-,-
443,7,7,τε,0,-,-,-,-,-
444,7,7,καὶ,0,-,-,-,-,-
445,7,7,ἀνοίᾳ,0,-,-,-,-,-
446,7,7,τῇ,0,-,-,-,-,-
447,7,7,"ἐμαυτοῦ,τῇ",0,-,-,-,-,-
448,7,7,ἐμαυτοῦ,0,-,-,-,-,-
449,7,7,"Frohberger,",0,-,-,-,-,-
450,7,7,qui,0,-,-,-,-,-
451,7,7,huc,0,-,-,-,-,-
452,7,7,transtulit.,0,-,-,-,-,-
453,7,7,Ante,0,-,-,-,-,-
454,7,7,δυσδαιμονίας,0,-,-,-,-,-
455,7,7,ηαβεντ,0,-,-,-,-,-
456,7,7,τῆς,0,-,-,-,-,-
457,7,7,ἐμαυτοῦ,0,-,-,-,-,-
458,7,7,codd.,0,-,-,-,-,-
459,7,7,εἴτε,0,-,-,-,-,-
460,7,7,καὶ,0,-,-,-,-,-
461,7,7,δυνάμει,0,-,-,-,-,-
462,7,7,τῶν,0,-,-,-,-,-
463,7,7,πεισάντων,0,-,-,-,-,-
464,7,7,με,0,-,-,-,-,-
465,7,7,ἐλθεῖν,0,-,-,-,-,-
466,7,7,εἰς,0,-,-,-,-,-
467,7,7,τοιαύτην,0,-,-,-,-,-
468,7,7,συμφορὰν,0,-,-,-,-,-
469,7,7,τῶν,0,-,-,-,-,-
470,7,7,"φρενῶν,",0,-,-,-,-,-
471,7,7,ὥστʼ,0,-,-,-,-,-
472,7,7,ἀνάγκην,0,-,-,-,-,-
473,7,7,μοι,0,-,-,-,-,-
474,7,7,γενέσθαι,0,-,-,-,-,-
475,7,7,δυοῖν,0,-,-,-,-,-
476,7,7,κακοῖν,0,-,-,-,-,-
477,7,7,τοῖν,0,-,-,-,-,-
478,7,7,μεγίστοιν,0,-,-,-,-,-
479,7,7,θάτερον,0,-,-,-,-,-
480,7,7,"ἑλέσθαι,",0,-,-,-,-,-
481,7,7,ἢ,0,-,-,-,-,-
482,7,7,μὴ,0,-,-,-,-,-
483,7,7,βουληθέντιβουληθέντι,0,-,-,-,-,-
484,7,7,Ald.:,0,-,-,-,-,-
485,7,7,βουληθέντα,0,-,-,-,-,-
486,7,7,codd.,0,-,-,-,-,-
487,7,7,κατειπεῖν,0,-,-,-,-,-
488,7,7,τοὺς,0,-,-,-,-,-
489,7,7,ταῦτα,0,-,-,-,-,-
490,7,7,ποιήσαντας,0,-,-,-,-,-
491,7,7,οὐ,0,-,-,-,-,-
492,7,7,περὶ,0,-,-,-,-,-
493,7,7,ἐμοῦ,0,-,-,-,-,-
494,7,7,μόνου,0,-,-,-,-,-
495,7,7,"ὀρρωδεῖν,",0,-,-,-,-,-
496,7,7,εἴ,0,-,-,-,-,-
497,7,7,τι,0,-,-,-,-,-
498,7,7,ἔδει,0,-,-,-,-,-
499,7,7,"παθεῖν,",0,-,-,-,-,-
500,7,7,ἀλλὰ,0,-,-,-,-,-
501,7,7,καὶ,0,-,-,-,-,-
502,7,7,τὸν,0,-,-,-,-,-
503,7,7,πατέρα,0,-,-,-,-,-
504,7,7,οὐδὲν,0,-,-,-,-,-
505,7,7,ἀδικοῦντα,0,-,-,-,-,-
506,7,7,σὺν,0,-,-,-,-,-
507,7,7,ἐμαυτῷ,0,-,-,-,-,-
508,7,7,ἀποκτεῖναι,0,-,-,-,-,-
509,7,7,—,0,-,-,-,-,-
510,7,7,ὅπερ,0,-,-,-,-,-
511,7,7,ἀνάγκη,0,-,-,-,-,-
512,7,7,παθεῖν,0,-,-,-,-,-
513,7,7,ἦν,0,-,-,-,-,-
514,7,7,"αὐτῷ,",0,-,-,-,-,-
515,7,7,εἰ,0,-,-,-,-,-
516,7,7,ἐγὼ,0,-,-,-,-,-
517,7,7,μὴ,0,-,-,-,-,-
518,7,7,ἐβουλόμην,0,-,-,-,-,-
519,7,7,ταῦτα,0,-,-,-,-,-
520,7,7,ποιῆσαι,0,-,-,-,-,-
521,7,7,—,0,-,-,-,-,-
522,7,7,ἢ,0,-,-,-,-,-
523,7,7,κατειπόντι,0,-,-,-,-,-
524,7,7,τὰ,0,-,-,-,-,-
525,7,7,γεγενημένα,0,-,-,-,-,-
526,7,7,αὐτὸν,0,-,-,-,-,-
527,7,7,μὲν,0,-,-,-,-,-
528,7,7,ἀφεθέντα,0,-,-,-,-,-
529,7,7,μὴ,0,-,-,-,-,-
530,7,7,"τεθνάναι,",0,-,-,-,-,-
531,7,7,τοῦ,0,-,-,-,-,-
532,7,7,δὲ,0,-,-,-,-,-
533,7,7,ἐμαυτοῦ,0,-,-,-,-,-
534,7,7,πατρὸς,0,-,-,-,-,-
535,7,7,μὴ,0,-,-,-,-,-
536,7,7,φονέα,0,-,-,-,-,-
537,7,7,γενέσθαι.,0,-,-,-,-,-
538,7,7,τί,0,-,-,-,-,-
539,7,7,δʼ,0,-,-,-,-,-
540,7,7,ἂν,0,-,-,-,-,-
541,7,7,οὐ,0,-,-,-,-,-
542,7,7,πρό,0,-,-,-,-,-
543,7,7,γε,0,-,-,-,-,-
544,7,7,τούτου,0,-,-,-,-,-
545,7,7,τολμήσειεν,0,-,-,-,-,-
546,7,7,ἄνθρωπος,0,-,-,-,-,-
547,7,7,ποιῆσαι;,0,-,-,-,-,-
548,8,8,ἐγὼ,0,-,-,-,-,-
549,8,8,τοίνυν,0,-,-,-,-,-
550,8,8,ἐκ,0,-,-,-,-,-
551,8,8,τῶν,0,-,-,-,-,-
552,8,8,παρόντων,0,-,-,-,-,-
553,8,8,εἱλόμην,0,-,-,-,-,-
554,8,8,"ταῦτα,",0,-,-,-,-,-
555,8,8,ἃ,0,-,-,-,-,-
556,8,8,ἐμοὶ,0,-,-,-,-,-
557,8,8,μὲν,0,-,-,-,-,-
558,8,8,λύπας,0,-,-,-,-,-
559,8,8,ἐπὶ,0,-,-,-,-,-
560,8,8,χρόνον,0,-,-,-,-,-
561,8,8,πλεῖστον,0,-,-,-,-,-
562,8,8,οἴσειν,0,-,-,-,-,-
563,8,8,"ἔμελλεν,",0,-,-,-,-,-
564,8,8,ὑμῖν,0,-,-,-,-,-
565,8,8,δὲ,0,-,-,-,-,-
566,8,8,ταχίστην,0,-,-,-,-,-
567,8,8,τοῦ,0,-,-,-,-,-
568,8,8,παρόντος,0,-,-,-,-,-
569,8,8,τότε,0,-,-,-,-,-
570,8,8,κακοῦ,0,-,-,-,-,-
571,8,8,μετάστασιν.,0,-,-,-,-,-
572,8,8,ἀναμνήσθητε,0,-,-,-,-,-
573,8,8,δὲ,0,-,-,-,-,-
574,8,8,ἐν,0,-,-,-,-,-
575,8,8,οἵῳ,0,-,-,-,-,-
576,8,8,κινδύνῳ,0,-,-,-,-,-
577,8,8,τε,0,-,-,-,-,-
578,8,8,καὶ,0,-,-,-,-,-
579,8,8,ἀμηχανίᾳ,0,-,-,-,-,-
580,8,8,"καθέστατε,",0,-,-,-,-,-
581,8,8,καὶ,0,-,-,-,-,-
582,8,8,ὅτι,0,-,-,-,-,-
583,8,8,οὕτω,0,-,-,-,-,-
584,8,8,σφόδρα,0,-,-,-,-,-
585,8,8,σφᾶς,0,-,-,-,-,-
586,8,8,αὐτοὺς,0,-,-,-,-,-
587,8,8,"ἐπεφόβησθε,",0,-,-,-,-,-
588,8,8,ὥστʼ,0,-,-,-,-,-
589,8,8,οὐδʼ,0,-,-,-,-,-
590,8,8,εἰς,0,-,-,-,-,-
591,8,8,τὴν,0,-,-,-,-,-
592,8,8,ἀγορὰν,0,2,-,B-LOC,https://topostext.org/place/380237XAgo,https://www.wikidata.org/wiki/Q395367
593,8,8,ἔτι,0,-,-,-,-,-
594,8,8,"ἐξῇτε,",0,-,-,-,-,-
595,8,8,ἕκαστος,0,-,-,-,-,-
596,8,8,ὑμῶν,0,-,-,-,-,-
597,8,8,οἰόμενος,0,-,-,-,-,-
598,8,8,συλληφθήσεσθαι.,0,-,-,-,-,-
599,8,8,ταῦτα,0,-,-,-,-,-
600,8,8,τοίνυν,0,-,-,-,-,-
601,8,8,ὥστε,0,-,-,-,-,-
602,8,8,μὲν,0,-,-,-,-,-
603,8,8,γενέσθαι,0,-,-,-,-,-
604,8,8,"τοιαῦτα,",0,-,-,-,-,-
605,8,8,πολλοστὸν,0,-,-,-,-,-
606,8,8,δή,0,-,-,-,-,-
607,8,8,τι,0,-,-,-,-,-
608,8,8,ἐγὼ,0,-,-,-,-,-
609,8,8,μέρος,0,-,-,-,-,-
610,8,8,τῆς,0,-,-,-,-,-
611,8,8,αἰτίας,0,-,-,-,-,-
612,8,8,ηὑρέθην,0,-,-,-,-,-
613,8,8,"ἔχων,",0,-,-,-,-,-
614,8,8,ὥστε,0,-,-,-,-,-
615,8,8,μέντοι,0,-,-,-,-,-
616,8,8,"παυθῆναι,",0,-,-,-,-,-
617,8,8,ἐγὼ,0,-,-,-,-,-
618,8,8,εἷς,0,-,-,-,-,-
619,8,8,ὢν,0,-,-,-,-,-
620,8,8,μόνος,0,-,-,-,-,-
621,8,8,αἴτιος.,0,-,-,-,-,-
622,9,9,καὶ,0,-,-,-,-,-
623,9,9,ὅμως,0,-,-,-,-,-
624,9,9,τό,0,-,-,-,-,-
625,9,9,γε,0,-,-,-,-,-
626,9,9,δυστυχέστατος,0,-,-,-,-,-
627,9,9,εἶναι,0,-,-,-,-,-
628,9,9,ἀνθρώπων,0,-,-,-,-,-
629,9,9,οὐδαμῇ,0,-,-,-,-,-
630,9,9,"ἐκφεύγω,",0,-,-,-,-,-
631,9,9,ὅτε,0,-,-,-,-,-
632,9,9,δὴ,0,-,-,-,-,-
633,9,9,προαγομένης,0,-,-,-,-,-
634,9,9,μὲν,0,-,-,-,-,-
635,9,9,τῆς,0,3,-,B-LOC,https://topostext.org/place/380237PAth,https://www.wikidata.org/wiki/Q844930
636,9,9,πόλεως,0,-,-,-,-,-
637,9,9,ἐπὶ,0,-,-,-,-,-
638,9,9,ταύτας,0,-,-,-,-,-
639,9,9,τὰς,0,-,-,-,-,-
640,9,9,συμφορὰς,0,-,-,-,-,-
641,9,9,οὐδεὶς,0,-,-,-,-,-
642,9,9,ἐμοῦ,0,-,-,-,-,-
643,9,9,ἤρχετο,0,-,-,-,-,-
644,9,9,γίγνεσθαι,0,-,-,-,-,-
645,9,9,"δυσδαιμονέστερος,",0,-,-,-,-,-
646,9,9,μεθισταμένης,0,-,-,-,-,-
647,9,9,δὲ,0,-,-,-,-,-
648,9,9,πάλιν,0,-,-,-,-,-
649,9,9,εἰς,0,-,-,-,-,-
650,9,9,τὸ,0,-,-,-,-,-
651,9,9,ἀσφαλὲς,0,-,-,-,-,-
652,9,9,ἁπάντων,0,-,-,-,-,-
653,9,9,ἐγὼ,0,-,-,-,-,-
654,9,9,ἀθλιώτατος.,0,-,-,-,-,-
655,9,9,ὄντων,0,-,-,-,-,-
656,9,9,γὰρ,0,-,-,-,-,-
657,9,9,κακῶν,0,-,-,-,-,-
658,9,9,τοσούτων,0,-,-,-,-,-
659,9,9,τῇ,0,-,-,-,-,-
660,9,9,πόλει,0,-,-,-,-,-
661,9,9,ἀδύνατον,0,-,-,-,-,-
662,9,9,ἦν,0,-,-,-,-,-
663,9,9,ταῦτα,0,-,-,-,-,-
664,9,9,ἰαθῆναι,0,-,-,-,-,-
665,9,9,ἄλλως,0,-,-,-,-,-
666,9,9,ἢ,0,-,-,-,-,-
667,9,9,τῷ,0,-,-,-,-,-
668,9,9,ἐμῷ,0,-,-,-,-,-
669,9,9,"αἰσχρῷ,",0,-,-,-,-,-
670,9,9,ὥστʼ,0,-,-,-,-,-
671,9,9,ἐν,0,-,-,-,-,-
672,9,9,αὐτῷαὐτῷ,0,-,-,-,-,-
673,9,9,ante,0,-,-,-,-,-
674,9,9,τούτῳ,0,-,-,-,-,-
675,9,9,ponit,0,-,-,-,-,-
676,9,9,Sluiter.,0,-,-,-,-,-
677,9,9,ᾧ,0,-,-,-,-,-
678,9,9,ἐγὼ,0,-,-,-,-,-
679,9,9,κακῶς,0,-,-,-,-,-
680,9,9,"ἔπραττον,",0,-,-,-,-,-
681,9,9,ἐν,0,-,-,-,-,-
682,9,9,τούτῳ,0,-,-,-,-,-
683,9,9,ὑμᾶς,0,-,-,-,-,-
684,9,9,σῴζεσθαι.,0,-,-,-,-,-
685,9,9,χάριν,0,-,-,-,-,-
686,9,9,οὖν,0,-,-,-,-,-
687,9,9,εἰκός,0,-,-,-,-,-
688,9,9,"με,",0,-,-,-,-,-
689,9,9,οὐ,0,-,-,-,-,-
690,9,9,μῖσος,0,-,-,-,-,-
691,9,9,τῷ,0,-,-,-,-,-
692,9,9,δυστυχήματι,0,-,-,-,-,-
693,9,9,τούτῳ,0,-,-,-,-,-
694,9,9,φέρεσθαι,0,-,-,-,-,-
695,9,9,παρʼ,0,-,-,-,-,-
696,9,9,ὑμῶν.,0,-,-,-,-,-
697,10,10,καίτοι,0,-,-,-,-,-
698,10,10,ἐγὼ,0,-,-,-,-,-
699,10,10,τότʼ,0,-,-,-,-,-
700,10,10,αὐτὸς,0,-,-,-,-,-
701,10,10,γνοὺς,0,-,-,-,-,-
702,10,10,τὰς,0,-,-,-,-,-
703,10,10,ἐμαυτοῦ,0,-,-,-,-,-
704,10,10,"συμφοράς,",0,-,-,-,-,-
705,10,10,ᾧ,0,-,-,-,-,-
706,10,10,τινι,0,-,-,-,-,-
707,10,10,κακῶν,0,-,-,-,-,-
708,10,10,τε,0,-,-,-,-,-
709,10,10,καὶ,0,-,-,-,-,-
710,10,10,αἰσχρῶν,0,-,-,-,-,-
711,10,10,οὐκ,0,-,-,-,-,-
712,10,10,οἶδʼ,0,-,-,-,-,-
713,10,10,εἴ,0,-,-,-,-,-
714,10,10,τι,0,-,-,-,-,-
715,10,10,"ἀπεγένετο,",0,-,-,-,-,-
716,10,10,τὰ,0,-,-,-,-,-
717,10,10,μὲν,0,-,-,-,-,-
718,10,10,παρανοίᾳ,0,-,-,-,-,-
719,10,10,τῇ,0,-,-,-,-,-
720,10,10,"ἐμαυτοῦ,",0,-,-,-,-,-
721,10,10,τὰ,0,-,-,-,-,-
722,10,10,δʼ,0,-,-,-,-,-
723,10,10,ἀνάγκῃ,0,-,-,-,-,-
724,10,10,τῶν,0,-,-,-,-,-
725,10,10,παρόντων,0,-,-,-,-,-
726,10,10,"πραγμάτων,",0,-,-,-,-,-
727,10,10,ἔγνων,0,-,-,-,-,-
728,10,10,ἥδιστον,0,-,-,-,-,-
729,10,10,εἶναι,0,-,-,-,-,-
730,10,10,πράττειν,0,-,-,-,-,-
731,10,10,τε,0,-,-,-,-,-
732,10,10,τοιαῦτα,0,-,-,-,-,-
733,10,10,καὶ,0,-,-,-,-,-
734,10,10,διαιτᾶσθαι,0,-,-,-,-,-
735,10,10,"ἐκεῖ,",0,-,-,-,-,-
736,10,10,ὅπου,0,-,-,-,-,-
737,10,10,ἥκιστα,0,-,-,-,-,-
738,10,10,μέλλοιμι,0,-,-,-,-,-
739,10,10,ὀφθήσεσθαι,0,-,-,-,-,-
740,10,10,ὑφʼ,0,-,-,-,-,-
741,10,10,ὑμῶν.,0,-,-,-,-,-
742,10,10,ἐπειδὴ,0,-,-,-,-,-
743,10,10,δὲ,0,-,-,-,-,-
744,10,10,χρόνῳ,0,-,-,-,-,-
745,10,10,ὕστερονὕστερον,0,-,-,-,-,-
746,10,10,delent,0,-,-,-,-,-
747,10,10,nonnulli.,0,-,-,-,-,-
748,10,10,εἰσῆλθέ,0,-,-,-,-,-
749,10,10,"μοι,",0,-,-,-,-,-
750,10,10,ὥσπερ,0,-,-,-,-,-
751,10,10,"εἰκός,",0,-,-,-,-,-
752,10,10,ἐπιθυμία,0,-,-,-,-,-
753,10,10,τῆς,0,-,-,-,-,-
754,10,10,τε,0,-,-,-,-,-
755,10,10,μεθʼ,0,-,-,-,-,-
756,10,10,ὑμῶν,0,-,-,-,-,-
757,10,10,πολιτείας,0,-,-,-,-,-
758,10,10,ἐκείνης,0,-,-,-,-,-
759,10,10,καὶ,0,-,-,-,-,-
760,10,10,"διαίτης,",0,-,-,-,-,-
761,10,10,ἐξ,0,-,-,-,-,-
762,10,10,ἧς,0,-,-,-,-,-
763,10,10,δευρὶ,0,-,-,-,-,-
764,10,10,"μετέστην,",0,-,-,-,-,-
765,10,10,ἔγνων,0,-,-,-,-,-
766,10,10,λυσιτελεῖν,0,-,-,-,-,-
767,10,10,μοι,0,-,-,-,-,-
768,10,10,ἢ,0,-,-,-,-,-
769,10,10,τοῦ,0,-,-,-,-,-
770,10,10,βίου,0,-,-,-,-,-
771,10,10,"ἀπηλλάχθαι,",0,-,-,-,-,-
772,10,10,ἢ,0,-,-,-,-,-
773,10,10,τὴν,0,-,-,-,-,-
774,10,10,πόλιν,0,-,-,-,-,-
775,10,10,ταύτην,0,-,-,-,-,-
776,10,10,ἀγαθόν,0,-,-,-,-,-
777,10,10,τι,0,-,-,-,-,-
778,10,10,τοσοῦτον,0,-,-,-,-,-
779,10,10,"ἐργάσασθαι,",0,-,-,-,-,-
780,10,10,ὥστε,0,-,-,-,-,-
781,10,10,ὑμῶν,0,-,-,-,-,-
782,10,10,ἑκόντων,0,-,-,-,-,-
783,10,10,εἶναί,0,-,-,-,-,-
784,10,10,ποτέ,0,-,-,-,-,-
785,10,10,μοι,0,-,-,-,-,-
786,10,10,πολιτεύσασθαι,0,-,-,-,-,-
787,10,10,μεθʼ,0,-,-,-,-,-
788,10,10,ὑμῶν.,0,-,-,-,-,-
789,11,11,ἐκ,0,-,-,-,-,-
790,11,11,δὲ,0,-,-,-,-,-
791,11,11,τούτου,0,-,-,-,-,-
792,11,11,οὐ,0,-,-,-,-,-
793,11,11,πώποτε,0,-,-,-,-,-
794,11,11,οὔτε,0,-,-,-,-,-
795,11,11,τοῦ,0,-,-,-,-,-
796,11,11,σώματος,0,-,-,-,-,-
797,11,11,οὔτε,0,-,-,-,-,-
798,11,11,τῶν,0,-,-,-,-,-
799,11,11,ὄντων,0,-,-,-,-,-
800,11,11,ἐμοὶ,0,-,-,-,-,-
801,11,11,"ἐφεισάμην,",0,-,-,-,-,-
802,11,11,ὅπου,0,-,-,-,-,-
803,11,11,ἔδει,0,-,-,-,-,-
804,11,11,παρακινδυνεύειν·,0,-,-,-,-,-
805,11,11,ἀλλʼ,0,-,-,-,-,-
806,11,11,αὐτίκα,0,-,-,-,-,-
807,11,11,μὲν,0,-,-,-,-,-
808,11,11,τότε,0,-,-,-,-,-
809,11,11,εἰσήγαγον,0,-,-,-,-,-
810,11,11,εἰς,0,-,-,-,-,-
811,11,11,στρατιὰν,0,-,-,-,-,-
812,11,11,ὑμῶν,0,-,-,-,-,-
813,11,11,οὖσαν,0,-,-,-,-,-
814,11,11,ἐν,0,-,-,-,-,-
815,11,11,Σάμῳ,0,5,-,B-LOC,https://topostext.org/place/377269PSam,https://www.wikidata.org/wiki/Q13580795
816,11,11,"κωπέας,",0,-,-,-,-,-
817,11,11,τῶν,0,-,-,-,-,-
818,11,11,τετρακοσίων,0,6,-,B-MISC,-,-
819,11,11,ἤδη,0,-,-,-,-,-
820,11,11,τὰ,0,-,-,-,-,-
821,11,11,πράγματα,0,-,-,-,-,-
822,11,11,ἐνθάδε,0,-,-,-,-,-
823,11,11,"κατειληφότων,",0,-,-,-,-,-
824,11,11,ὄντος,0,-,-,-,-,-
825,11,11,μοι,0,-,-,-,-,-
826,11,11,Ἀρχελάου,0,8,-,B-PER,/people/12356,https://www.wikidata.org/wiki/Q26846
827,11,11,ξένου,0,-,-,-,-,-
828,11,11,πατρικοῦ,0,-,-,-,-,-
829,11,11,καὶ,0,-,-,-,-,-
830,11,11,διδόντος,0,-,-,-,-,-
831,11,11,τέμνεσθαίτέμνεσθαί,0,-,-,-,-,-
832,11,11,Dobree:,0,-,-,-,-,-
833,11,11,γενέσθαι,0,-,-,-,-,-
834,11,11,codd.,0,-,-,-,-,-
835,11,11,τε,0,-,-,-,-,-
836,11,11,καὶ,0,-,-,-,-,-
837,11,11,ἐξάγεσθαι,0,-,-,-,-,-
838,11,11,ὁπόσους,0,-,-,-,-,-
839,11,11,ἐβουλόμην.,0,-,-,-,-,-
840,11,11,τούτους,0,-,-,-,-,-
841,11,11,τε,0,-,-,-,-,-
842,11,11,εἰσήγαγον,0,-,-,-,-,-
843,11,11,τοὺς,0,-,-,-,-,-
844,11,11,"κωπέας,",0,-,-,-,-,-
845,11,11,καὶ,0,-,-,-,-,-
846,11,11,παρόν,0,-,-,-,-,-
847,11,11,μοι,0,-,-,-,-,-
848,11,11,πέντε,0,-,-,-,-,-
849,11,11,δραχμῶν,0,-,-,-,-,-
850,11,11,τὴν,0,-,-,-,-,-
851,11,11,τιμὴν,0,-,-,-,-,-
852,11,11,αὐτῶν,0,-,-,-,-,-
853,11,11,δέξασθαι,0,-,-,-,-,-
854,11,11,οὐκ,0,-,-,-,-,-
855,11,11,ἠθέλησα,0,-,-,-,-,-
856,11,11,πράξασθαι,0,-,-,-,-,-
857,11,11,πλέον,0,-,-,-,-,-
858,11,11,ἢ,0,-,-,-,-,-
859,11,11,ὅσουὅσου,0,-,-,-,-,-
860,11,11,A,0,-,-,-,-,-
861,11,11,corr.:,0,-,-,-,-,-
862,11,11,ὅσον,0,-,-,-,-,-
863,11,11,A,0,-,-,-,-,-
864,11,11,pr.,0,-,-,-,-,-
865,11,11,ἐμοὶ,0,-,-,-,-,-
866,11,11,κατέστησαν·,0,-,-,-,-,-
867,11,11,εἰσήγαγον,0,-,-,-,-,-
868,11,11,δὲ,0,-,-,-,-,-
869,11,11,σῖτόν,0,-,-,-,-,-
870,11,11,τε,0,-,-,-,-,-
871,11,11,καὶ,0,-,-,-,-,-
872,11,11,χαλκόν.,0,-,-,-,-,-
873,12,12,καὶ,0,-,-,-,-,-
874,12,12,οἱ,0,-,-,-,-,-
875,12,12,ἄνδρες,0,-,-,-,-,-
876,12,12,ἐκεῖνοι,0,9,-,B-LOC,https://topostext.org/place/377269PSam,https://www.wikidata.org/wiki/Q13580795
877,12,12,ἐκ,0,-,-,-,-,-
878,12,12,τούτων,0,-,-,-,-,-
879,12,12,παρεσκευασμένοι,0,-,-,-,-,-
880,12,12,ἐνίκησαν,0,-,-,-,-,-
881,12,12,μετὰ,0,-,-,-,-,-
882,12,12,ταῦτα,0,-,-,-,-,-
883,12,12,Πελοποννησίους,0,10,-,B-MISC,https://topostext.org/place/375222RPel,https://www.wikidata.org/wiki/Q78967
884,12,12,"ναυμαχοῦντες,",0,-,-,-,-,-
885,12,12,καὶ,0,-,-,-,-,-
886,12,12,τὴν,0,-,-,-,-,-
887,12,12,πόλιν,0,-,-,-,-,-
888,12,12,ταύτην,0,-,-,-,-,-
889,12,12,μόνοι,0,-,-,-,-,-
890,12,12,ἀνθρώπων,0,11,-,B-LOC,https://topostext.org/place/380237PAth,https://www.wikidata.org/wiki/Q844930
891,12,12,ἔσῳσαν,0,-,-,-,-,-
892,12,12,ἐν,0,-,-,-,-,-
893,12,12,τῷ,0,-,-,-,-,-
894,12,12,τότε,0,-,-,-,-,-
895,12,12,χρόνῳ.,0,-,-,-,-,-
896,12,12,εἰ,0,-,-,-,-,-
897,12,12,τοίνυν,0,-,-,-,-,-
898,12,12,μεγάλων,0,-,-,-,-,-
899,12,12,ἀγαθῶν,0,-,-,-,-,-
900,12,12,αἴτιααἴτια,0,-,-,-,-,-
901,12,12,Blass:,0,-,-,-,-,-
902,12,12,ἄξια,0,-,-,-,-,-
903,12,12,codd.,0,-,-,-,-,-
904,12,12,ὑμᾶς,0,-,-,-,-,-
905,12,12,ἠργάσαντο,0,-,-,-,-,-
906,12,12,"ἐκεῖνοι,",0,-,-,-,-,-
907,12,12,μέρος,0,-,-,-,-,-
908,12,12,ἐγὼ,0,-,-,-,-,-
909,12,12,οὐκ,0,-,-,-,-,-
910,12,12,ἂν,0,-,-,-,-,-
911,12,12,ἐλάχιστον,0,-,-,-,-,-
912,12,12,δικαίως,0,-,-,-,-,-
913,12,12,ταύτης,0,-,-,-,-,-
914,12,12,τῆς,0,-,-,-,-,-
915,12,12,αἰτίας,0,-,-,-,-,-
916,12,12,ἔχοιμι.,0,-,-,-,-,-
917,12,12,εἰ,0,-,-,-,-,-
918,12,12,γὰρ,0,-,-,-,-,-
919,12,12,τοῖς,0,-,-,-,-,-
920,12,12,ἀνδράσιν,0,-,-,-,-,-
921,12,12,ἐκείνοις,0,-,-,-,-,-
922,12,12,τότε,0,-,-,-,-,-
923,12,12,τὰ,0,-,-,-,-,-
924,12,12,ἐπιτήδεια,0,-,-,-,-,-
925,12,12,μὴ,0,-,-,-,-,-
926,12,12,"εἰσήχθη,",0,-,-,-,-,-
927,12,12,οὐ,0,-,-,-,-,-
928,12,12,περὶ,0,-,-,-,-,-
929,12,12,τοῦ,0,-,-,-,-,-
930,12,12,σῷσαι,0,-,-,-,-,-
931,12,12,τὰς,0,-,-,-,-,-
932,12,12,Ἀθήνας,0,12,-,B-LOC,https://topostext.org/place/380237PAth,https://www.wikidata.org/wiki/Q844930
933,12,12,ὁ,0,-,-,-,-,-
934,12,12,κίνδυνος,0,-,-,-,-,-
935,12,12,ἦν,0,-,-,-,-,-
936,12,12,αὐτοῖς,0,-,-,-,-,-
937,12,12,μᾶλλον,0,-,-,-,-,-
938,12,12,ἢ,0,-,-,-,-,-
939,12,12,περὶ,0,-,-,-,-,-
940,12,12,τοῦ,0,-,-,-,-,-
941,12,12,μηδʼ,0,-,-,-,-,-
942,12,12,αὐτοὺς,0,-,-,-,-,-
943,12,12,σωθῆναι.,0,-,-,-,-,-
944,13,13,τούτων,0,-,-,-,-,-
945,13,13,τοίνυν,0,-,-,-,-,-
946,13,13,οὕτως,0,-,-,-,-,-
947,13,13,ἐχόντων,0,-,-,-,-,-
948,13,13,οὐκ,0,-,-,-,-,-
949,13,13,ὀλίγῳ,0,-,-,-,-,-
950,13,13,μοι,0,-,-,-,-,-
951,13,13,παρὰ,0,-,-,-,-,-
952,13,13,γνώμην,0,-,-,-,-,-
953,13,13,ηὑρέθη,0,-,-,-,-,-
954,13,13,τὰ,0,-,-,-,-,-
955,13,13,ἐνταῦθα,0,-,-,-,-,-
956,13,13,πράγματα,0,-,-,-,-,-
957,13,13,ἔχοντα.,0,-,-,-,-,-
958,13,13,κατέπλευσα,0,-,-,-,-,-
959,13,13,μὲν,0,-,-,-,-,-
960,13,13,γὰρ,0,-,-,-,-,-
961,13,13,ὡς,0,-,-,-,-,-
962,13,13,ἐπαινεθησόμενος,0,-,-,-,-,-
963,13,13,ὑπὸ,0,-,-,-,-,-
964,13,13,τῶν,0,-,-,-,-,-
965,13,13,ἐνθάδε,0,-,-,-,-,-
966,13,13,προθυμίας,0,-,-,-,-,-
967,13,13,τε,0,-,-,-,-,-
968,13,13,ἕνεκα,0,-,-,-,-,-
969,13,13,καὶ,0,-,-,-,-,-
970,13,13,ἐπιμελείας,0,-,-,-,-,-
971,13,13,τῶν,0,-,-,-,-,-
972,13,13,ὑμετέρων,0,-,-,-,-,-
973,13,13,πραγμάτων·,0,-,-,-,-,-
974,13,13,πυθόμενοι,0,-,-,-,-,-
975,13,13,δέ,0,-,-,-,-,-
976,13,13,τινές,0,-,-,-,-,-
977,13,13,με,0,-,-,-,-,-
978,13,13,ἥκοντα,0,-,-,-,-,-
979,13,13,τῶν,0,-,-,-,-,-
980,13,13,τετρακοσίων,0,14,-,B-ORG,-,-
981,13,13,ἐζήτουν,0,-,-,-,-,-
982,13,13,τε,0,-,-,-,-,-
983,13,13,"παραχρῆμα,",0,-,-,-,-,-
984,13,13,καὶ,0,-,-,-,-,-
985,13,13,λαβόντες,0,-,-,-,-,-
986,13,13,ἤγαγον,0,-,-,-,-,-
987,13,13,εἰς,0,-,-,-,-,-
988,13,13,τὴν,0,-,-,-,-,-
989,13,13,βουλήν.,0,15,-,B-ORG,-,-
990,14,14,εὐθὺς,0,-,-,-,-,-
991,14,14,δὲ,0,-,-,-,-,-
992,14,14,παραστάς,0,-,-,-,-,-
993,14,14,μοι,0,-,-,-,-,-
994,14,14,Πείσανδρος,0,16,-,B-PER,/people/1403,https://www.wikidata.org/wiki/
995,14,14,ἄνδρες,0,-,-,-,-,-
996,14,14,ἔφη,0,-,-,-,-,-
997,14,14,"βουλευταί,",0,-,-,-,-,-
998,14,14,ἐγὼ,0,-,-,-,-,-
999,14,14,τὸν,0,-,-,-,-,-
1000,14,14,ἄνδρα,0,-,-,-,-,-
1001,14,14,τοῦτον,0,-,-,-,-,-
1002,14,14,ἐνδεικνύω,0,-,-,-,-,-
1003,14,14,ὑμῖν,0,-,-,-,-,-
1004,14,14,σῖτόν,0,-,-,-,-,-
1005,14,14,τε,0,-,-,-,-,-
1006,14,14,εἰς,0,-,-,-,-,-
1007,14,14,τοὺς,0,-,-,-,-,-
1008,14,14,πολεμίους,0,-,-,-,-,-
1009,14,14,εἰσαγαγόντα,0,-,-,-,-,-
1010,14,14,καὶ,0,-,-,-,-,-
1011,14,14,κωπέας.,0,-,-,-,-,-
1012,14,14,καὶ,0,-,-,-,-,-
1013,14,14,τὸ,0,-,-,-,-,-
1014,14,14,πρᾶγμα,0,-,-,-,-,-
1015,14,14,ἤδη,0,-,-,-,-,-
1016,14,14,πᾶν,0,-,-,-,-,-
1017,14,14,διηγεῖτο,0,-,-,-,-,-
1018,14,14,ὡς,0,-,-,-,-,-
1019,14,14,ἐπέπρακτο.,0,-,-,-,-,-
1020,14,14,ἐν,0,-,-,-,-,-
1021,14,14,δὲ,0,-,-,-,-,-
1022,14,14,τῶ,0,-,-,-,-,-
1023,14,14,τότε,0,-,-,-,-,-
1024,14,14,τὰ,0,-,-,-,-,-
1025,14,14,ἐναντία,0,-,-,-,-,-
1026,14,14,φρονοῦντες,0,-,-,-,-,-
1027,14,14,δῆλοι,0,-,-,-,-,-
1028,14,14,ἦσαν,0,-,-,-,-,-
1029,14,14,ἤδη,0,-,-,-,-,-
1030,14,14,οἱ,0,-,-,-,-,-
1031,14,14,ἐπὶ,0,-,-,-,-,-
1032,14,14,στρατιᾶς,0,-,-,-,-,-
1033,14,14,ὄντες,0,-,-,-,-,-
1034,14,14,τοῖς,0,-,-,-,-,-
1035,14,14,τετρακοσίοις.,0,17,-,B-ORG,-,-
1036,15,15,κἀγώ,0,-,-,-,-,-
1037,15,15,—,0,-,-,-,-,-
1038,15,15,θόρυβος,0,-,-,-,-,-
1039,15,15,γὰρ,0,-,-,-,-,-
1040,15,15,δὴ,0,-,-,-,-,-
1041,15,15,τοιοῦτος,0,-,-,-,-,-
1042,15,15,ἐγίγνετο,0,-,-,-,-,-
1043,15,15,τῶν,0,-,-,-,-,-
1044,15,15,βουλευτῶν,0,-,-,-,-,-
1045,15,15,—,0,-,-,-,-,-
1046,15,15,καὶκαὶ,0,-,-,-,-,-
1047,15,15,del.,0,-,-,-,-,-
1048,15,15,Reiske.,0,-,-,-,-,-
1049,15,15,Verbum,0,-,-,-,-,-
1050,15,15,post,0,-,-,-,-,-
1051,15,15,καὶ,0,-,-,-,-,-
1052,15,15,excidisse,0,-,-,-,-,-
1053,15,15,putat,0,-,-,-,-,-
1054,15,15,Fuhr.,0,-,-,-,-,-
1055,15,15,ἐπειδὴ,0,-,-,-,-,-
1056,15,15,ἐγίγνωσκον,0,-,-,-,-,-
1057,15,15,"ἀπολούμενος,",0,-,-,-,-,-
1058,15,15,εὐθὺς,0,-,-,-,-,-
1059,15,15,προσπηδῶ,0,-,-,-,-,-
1060,15,15,πρὸς,0,-,-,-,-,-
1061,15,15,τὴν,0,-,-,-,-,-
1062,15,15,ἑστίαν,0,-,-,-,-,-
1063,15,15,καὶ,0,-,-,-,-,-
1064,15,15,λαμβάνομαι,0,-,-,-,-,-
1065,15,15,τῶν,0,-,-,-,-,-
1066,15,15,ἱερῶν.,0,-,-,-,-,-
1067,15,15,ὅπερ,0,-,-,-,-,-
1068,15,15,μοι,0,-,-,-,-,-
1069,15,15,καὶ,0,-,-,-,-,-
1070,15,15,πλείστου,0,-,-,-,-,-
1071,15,15,ἄξιον,0,-,-,-,-,-
1072,15,15,ἐγένετοἐγένετο,0,-,-,-,-,-
1073,15,15,Emperius:,0,-,-,-,-,-
1074,15,15,ἐγίνετο,0,-,-,-,-,-
1075,15,15,codd.,0,-,-,-,-,-
1076,15,15,ἐν,0,-,-,-,-,-
1077,15,15,τῷ,0,-,-,-,-,-
1078,15,15,τότε·,0,-,-,-,-,-
1079,15,15,εἰς,0,-,-,-,-,-
1080,15,15,γὰρ,0,-,-,-,-,-
1081,15,15,τοὺς,0,-,-,-,-,-
1082,15,15,θεοὺς,0,-,-,-,-,-
1083,15,15,ἔχοντα,0,-,-,-,-,-
1084,15,15,ὀνείδη,0,-,-,-,-,-
1085,15,15,οὗτοί,0,-,-,-,-,-
1086,15,15,μεἔχοντα,0,-,-,-,-,-
1087,15,15,ὀνείδη,0,-,-,-,-,-
1088,15,15,οὗτοί,0,-,-,-,-,-
1089,15,15,με,0,-,-,-,-,-
1090,15,15,Sauppe:,0,-,-,-,-,-
1091,15,15,εἶχον,0,-,-,-,-,-
1092,15,15,τὰ,0,-,-,-,-,-
1093,15,15,ὀνείδη,0,-,-,-,-,-
1094,15,15,"οὗτοι,",0,-,-,-,-,-
1095,15,15,οἵ,0,-,-,-,-,-
1096,15,15,με,0,-,-,-,-,-
1097,15,15,codd.,0,-,-,-,-,-
1098,15,15,μᾶλλον,0,-,-,-,-,-
1099,15,15,τῶν,0,-,-,-,-,-
1100,15,15,ἀνθρώπων,0,-,-,-,-,-
1101,15,15,ἐοίκασι,0,-,-,-,-,-
1102,15,15,"κατελεῆσαι,",0,-,-,-,-,-
1103,15,15,βουληθέντων,0,-,-,-,-,-
1104,15,15,τε,0,-,-,-,-,-
1105,15,15,αὐτῶν,0,-,-,-,-,-
1106,15,15,ἀποκτεῖναί,0,-,-,-,-,-
1107,15,15,με,0,-,-,-,-,-
1108,15,15,οὗτοι,0,-,-,-,-,-
1109,15,15,ἦσαν,0,-,-,-,-,-
1110,15,15,οἱ,0,-,-,-,-,-
1111,15,15,διασῴσαντες.,0,-,-,-,-,-
1112,15,15,δεσμά,0,-,-,-,-,-
1113,15,15,τε,0,-,-,-,-,-
1114,15,15,ὕστερον,0,-,-,-,-,-
1115,15,15,καὶ,0,-,-,-,-,-
1116,15,15,κακὰ,0,-,-,-,-,-
1117,15,15,ὅσα,0,-,-,-,-,-
1118,15,15,τε,0,-,-,-,-,-
1119,15,15,καὶ,0,-,-,-,-,-
1120,15,15,οἷα,0,-,-,-,-,-
1121,15,15,τῷ,0,-,-,-,-,-
1122,15,15,σώματι,0,-,-,-,-,-
1123,15,15,"ἠνεσχόμην,",0,-,-,-,-,-
1124,15,15,μακρὸν,0,-,-,-,-,-
1125,15,15,ἂν,0,-,-,-,-,-
1126,15,15,εἴη,0,-,-,-,-,-
1127,15,15,μοι,0,-,-,-,-,-
1128,15,15,λέγειν.,0,-,-,-,-,-
1129,16,16,οὗ,0,-,-,-,-,-
1130,16,16,δὴ,0,-,-,-,-,-
1131,16,16,καὶ,0,-,-,-,-,-
1132,16,16,μάλιστʼ,0,-,-,-,-,-
1133,16,16,ἐμαυτὸν,0,-,-,-,-,-
1134,16,16,ἀπωλοφυράμην·,0,-,-,-,-,-
1135,16,16,ὅστις,0,-,-,-,-,-
1136,16,16,τοῦτο,0,-,-,-,-,-
1137,16,16,μὲν,0,-,-,-,-,-
1138,16,16,ἐν,0,-,-,-,-,-
1139,16,16,ᾧ,0,-,-,-,-,-
1140,16,16,ἐδόκει,0,-,-,-,-,-
1141,16,16,ὁ,0,-,-,-,-,-
1142,16,16,δῆμος,0,-,-,-,-,-
1143,16,16,"κακοῦσθαι,",0,-,-,-,-,-
1144,16,16,ἐγὼ,0,-,-,-,-,-
1145,16,16,ἀντὶ,0,-,-,-,-,-
1146,16,16,τούτου,0,-,-,-,-,-
1147,16,16,κακὰ,0,-,-,-,-,-
1148,16,16,"εἶχον,",0,-,-,-,-,-
1149,16,16,τοῦτο,0,-,-,-,-,-
1150,16,16,δὲ,0,-,-,-,-,-
1151,16,16,ἐπειδὴ,0,-,-,-,-,-
1152,16,16,ἐφαίνετο,0,-,-,-,-,-
1153,16,16,εὖεὖ,0,-,-,-,-,-
1154,16,16,add.,0,-,-,-,-,-
1155,16,16,Ald.,0,-,-,-,-,-
1156,16,16,ὑπʼ,0,-,-,-,-,-
1157,16,16,ἐμοῦ,0,-,-,-,-,-
1158,16,16,"πεπονθώς,",0,-,-,-,-,-
1159,16,16,πάλιν,0,-,-,-,-,-
1160,16,16,αὖ,0,-,-,-,-,-
1161,16,16,καὶ,0,-,-,-,-,-
1162,16,16,διὰ,0,-,-,-,-,-
1163,16,16,τοῦτʼ,0,-,-,-,-,-
1164,16,16,ἐγὼ,0,-,-,-,-,-
1165,16,16,ἀπωλλύμην.ἀπωλλύμην,0,-,-,-,-,-
1166,16,16,ci.,0,-,-,-,-,-
1167,16,16,Bekker:,0,-,-,-,-,-
1168,16,16,ἀπολοίμην,0,-,-,-,-,-
1169,16,16,codd.,0,-,-,-,-,-
1170,16,16,ὥστε,0,-,-,-,-,-
1171,16,16,ὁδόν,0,-,-,-,-,-
1172,16,16,τε,0,-,-,-,-,-
1173,16,16,καὶ,0,-,-,-,-,-
1174,16,16,πόρον,0,-,-,-,-,-
1175,16,16,μηδαμῇ,0,-,-,-,-,-
1176,16,16,ἔτι,0,-,-,-,-,-
1177,16,16,εἶναί,0,-,-,-,-,-
1178,16,16,μοι,0,-,-,-,-,-
1179,16,16,εὐθαρσεῖν·,0,-,-,-,-,-
1180,16,16,ὅποιὅποι,0,-,-,-,-,-
1181,16,16,Reiske:,0,-,-,-,-,-
1182,16,16,ὅπου,0,-,-,-,-,-
1183,16,16,codd.,0,-,-,-,-,-
1184,16,16,γὰρ,0,-,-,-,-,-
1185,16,16,"τραποίμην,",0,-,-,-,-,-
1186,16,16,πάντοθεν,0,-,-,-,-,-
1187,16,16,κακόν,0,-,-,-,-,-
1188,16,16,τί,0,-,-,-,-,-
1189,16,16,μοι,0,-,-,-,-,-
1190,16,16,ἐφαίνετο,0,-,-,-,-,-
1191,16,16,ἑτοιμαζόμενον.,0,-,-,-,-,-
1192,16,16,ἀλλʼ,0,-,-,-,-,-
1193,16,16,ὅμως,0,-,-,-,-,-
1194,16,16,καὶ,0,-,-,-,-,-
1195,16,16,ἐκ,0,-,-,-,-,-
1196,16,16,τούτων,0,-,-,-,-,-
1197,16,16,τοιούτων,0,-,-,-,-,-
1198,16,16,ὄντων,0,-,-,-,-,-
1199,16,16,ἀπαλλαγεὶς,0,-,-,-,-,-
1200,16,16,οὐκ,0,-,-,-,-,-
1201,16,16,ἔστιν,0,-,-,-,-,-
1202,16,16,ὅ,0,-,-,-,-,-
1203,16,16,τι,0,-,-,-,-,-
1204,16,16,ἕτερον,0,-,-,-,-,-
1205,16,16,ἔργον,0,-,-,-,-,-
1206,16,16,περὶ,0,-,-,-,-,-
1207,16,16,πλείονος,0,-,-,-,-,-
1208,16,16,ἐποιούμην,0,-,-,-,-,-
1209,16,16,ἢ,0,-,-,-,-,-
1210,16,16,τὴν,0,-,-,-,-,-
1211,16,16,πόλιν,0,-,-,-,-,-
1212,16,16,ταύτην,0,-,-,-,-,-
1213,16,16,ἀγαθόν,0,-,-,-,-,-
1214,16,16,τι,0,-,-,-,-,-
1215,16,16,ἐργάσασθαι.,0,-,-,-,-,-
1216,17,17,ὁρᾶν,0,-,-,-,-,-
1217,17,17,δὲ,0,-,-,-,-,-
1218,17,17,"χρή,",0,-,-,-,-,-
1219,17,17,ὦ,0,-,-,-,-,-
1220,17,17,"Ἀθηναῖοι,",0,-,-,-,-,-
1221,17,17,ὅσῳ,0,-,-,-,-,-
1222,17,17,τὰ,0,-,-,-,-,-
1223,17,17,τοιαῦτα,0,-,-,-,-,-
1224,17,17,τῶν,0,-,-,-,-,-
1225,17,17,ὑπουργημάτων,0,-,-,-,-,-
1226,17,17,διαφέρει.,0,-,-,-,-,-
1227,17,17,τοῦτο,0,-,-,-,-,-
1228,17,17,μὲν,0,-,-,-,-,-
1229,17,17,γὰρ,0,-,-,-,-,-
1230,17,17,ὅσοι,0,-,-,-,-,-
1231,17,17,τῶν,0,-,-,-,-,-
1232,17,17,πολιτῶν,0,-,-,-,-,-
1233,17,17,τὰ,0,-,-,-,-,-
1234,17,17,ὑμέτερα,0,-,-,-,-,-
1235,17,17,πράγματα,0,-,-,-,-,-
1236,17,17,διαχειρίζοντες,0,-,-,-,-,-
1237,17,17,ἀργύριον,0,-,-,-,-,-
1238,17,17,ὑμῖν,0,-,-,-,-,-
1239,17,17,"ἐκπορίζουσιν,",0,-,-,-,-,-
1240,17,17,ἄλλο,0,-,-,-,-,-
1241,17,17,τι,0,-,-,-,-,-
1242,17,17,ἢ,0,-,-,-,-,-
1243,17,17,τὰ,0,-,-,-,-,-
1244,17,17,ὑμέτερα,0,-,-,-,-,-
1245,17,17,ὑμῖν,0,-,-,-,-,-
1246,17,17,διδόασι;,0,-,-,-,-,-
1247,17,17,τοῦτο,0,-,-,-,-,-
1248,17,17,δὲ,0,-,-,-,-,-
1249,17,17,ὅσοι,0,-,-,-,-,-
1250,17,17,στρατηγοὶ,0,-,-,-,-,-
1251,17,17,γενόμενοι,0,-,-,-,-,-
1252,17,17,καλόν,0,-,-,-,-,-
1253,17,17,τι,0,-,-,-,-,-
1254,17,17,τὴν,0,-,-,-,-,-
1255,17,17,πόλιν,0,-,-,-,-,-
1256,17,17,"κατεργάζονται,",0,-,-,-,-,-
1257,17,17,τί,0,-,-,-,-,-
1258,17,17,ἄλλο,0,-,-,-,-,-
1259,17,17,ἢ,0,-,-,-,-,-
1260,17,17,μετὰ,0,-,-,-,-,-
1261,17,17,τῆς,0,-,-,-,-,-
1262,17,17,τῶν,0,-,-,-,-,-
1263,17,17,ὑμετέρων,0,-,-,-,-,-
1264,17,17,σωμάτων,0,-,-,-,-,-
1265,17,17,ταλαιπωρίας,0,-,-,-,-,-
1266,17,17,τε,0,-,-,-,-,-
1267,17,17,καὶ,0,-,-,-,-,-
1268,17,17,"κινδύνων,",0,-,-,-,-,-
1269,17,17,καὶ,0,-,-,-,-,-
1270,17,17,ἔτι,0,-,-,-,-,-
1271,17,17,τῶν,0,-,-,-,-,-
1272,17,17,κοινῶν,0,-,-,-,-,-
1273,17,17,χρημάτων,0,-,-,-,-,-
1274,17,17,"δαπάνης,",0,-,-,-,-,-
1275,17,17,ποιοῦσιν,0,-,-,-,-,-
1276,17,17,ὑμᾶς,0,-,-,-,-,-
1277,17,17,εἴ,0,-,-,-,-,-
1278,17,17,τι,0,-,-,-,-,-
1279,17,17,τυγχάνουσιν,0,-,-,-,-,-
1280,17,17,ἀγαθόν;,0,-,-,-,-,-
1281,17,17,ἐν,0,-,-,-,-,-
1282,17,17,ᾧ,0,-,-,-,-,-
1283,17,17,καὶ,0,-,-,-,-,-
1284,17,17,ἄν,0,-,-,-,-,-
1285,17,17,τι,0,-,-,-,-,-
1286,17,17,"ἐξαμάρτωσιν,",0,-,-,-,-,-
1287,17,17,οὐκ,0,-,-,-,-,-
1288,17,17,αὐτοὶ,0,-,-,-,-,-
1289,17,17,τῆς,0,-,-,-,-,-
1290,17,17,σφετέρας,0,-,-,-,-,-
1291,17,17,αὐτῶν,0,-,-,-,-,-
1292,17,17,ἁμαρτίας,0,-,-,-,-,-
1293,17,17,δίκην,0,-,-,-,-,-
1294,17,17,"διδόασιν,",0,-,-,-,-,-
1295,17,17,ἀλλʼ,0,-,-,-,-,-
1296,17,17,ὑμεῖς,0,-,-,-,-,-
1297,17,17,ὑπὲρ,0,-,-,-,-,-
1298,17,17,τῶν,0,-,-,-,-,-
1299,17,17,ἐκείνοις,0,-,-,-,-,-
1300,17,17,ἡμαρτημένων.,0,-,-,-,-,-
1301,18,18,ἀλλʼ,0,-,-,-,-,-
1302,18,18,ὅμως,0,-,-,-,-,-
1303,18,18,οὗτοι,0,-,-,-,-,-
1304,18,18,στεφανοῦνταί,0,-,-,-,-,-
1305,18,18,γε,0,-,-,-,-,-
1306,18,18,ὑφʼ,0,-,-,-,-,-
1307,18,18,ὑμῶν,0,-,-,-,-,-
1308,18,18,καὶ,0,-,-,-,-,-
1309,18,18,ἀνακηρύττονται,0,-,-,-,-,-
1310,18,18,ὡς,0,-,-,-,-,-
1311,18,18,ὄντες,0,-,-,-,-,-
1312,18,18,ἄνδρες,0,-,-,-,-,-
1313,18,18,ἀγαθοί.,0,-,-,-,-,-
1314,18,18,καὶ,0,-,-,-,-,-
1315,18,18,οὐκ,0,-,-,-,-,-
1316,18,18,ἐρῶ,0,-,-,-,-,-
1317,18,18,ὡς,0,-,-,-,-,-
1318,18,18,οὐ,0,-,-,-,-,-
1319,18,18,δικαίως·,0,-,-,-,-,-
1320,18,18,μεγάλη,0,-,-,-,-,-
1321,18,18,γὰρ,0,-,-,-,-,-
1322,18,18,ἐστιν,0,-,-,-,-,-
1323,18,18,"ἀρετή,",0,-,-,-,-,-
1324,18,18,ὅστις,0,-,-,-,-,-
1325,18,18,τὴν,0,-,-,-,-,-
1326,18,18,ἑαυτοῦ,0,-,-,-,-,-
1327,18,18,πόλιν,0,-,-,-,-,-
1328,18,18,ὁτῳοῦν,0,-,-,-,-,-
1329,18,18,δύναται,0,-,-,-,-,-
1330,18,18,τρόπῳ,0,-,-,-,-,-
1331,18,18,ἀγαθόν,0,-,-,-,-,-
1332,18,18,τι,0,-,-,-,-,-
1333,18,18,ἐργάζεσθαι.,0,-,-,-,-,-
1334,18,18,ἀλλʼ,0,-,-,-,-,-
1335,18,18,οὖν,0,-,-,-,-,-
1336,18,18,γιγνώσκειν,0,-,-,-,-,-
1337,18,18,γε,0,-,-,-,-,-
1338,18,18,χρὴ,0,-,-,-,-,-
1339,18,18,ὅτι,0,-,-,-,-,-
1340,18,18,ἐκεῖνος,0,-,-,-,-,-
1341,18,18,ἂν,0,-,-,-,-,-
1342,18,18,εἴη,0,-,-,-,-,-
1343,18,18,πολὺ,0,-,-,-,-,-
1344,18,18,πλείστου,0,-,-,-,-,-
1345,18,18,ἄξιος,0,-,-,-,-,-
1346,18,18,"ἀνήρ,",0,-,-,-,-,-
1347,18,18,ὅστις,0,-,-,-,-,-
1348,18,18,τοῖς,0,-,-,-,-,-
1349,18,18,ἑαυτοῦ,0,-,-,-,-,-
1350,18,18,παρακινδυνεύων,0,-,-,-,-,-
1351,18,18,χρήμασί,0,-,-,-,-,-
1352,18,18,τε,0,-,-,-,-,-
1353,18,18,καὶ,0,-,-,-,-,-
1354,18,18,σώματι,0,-,-,-,-,-
1355,18,18,τολμῴη,0,-,-,-,-,-
1356,18,18,ἀγαθόν,0,-,-,-,-,-
1357,18,18,τι,0,-,-,-,-,-
1358,18,18,ποιεῖν,0,-,-,-,-,-
1359,18,18,τοὺς,0,-,-,-,-,-
1360,18,18,ἑαυτοῦ,0,-,-,-,-,-
1361,18,18,πολίτας.,0,-,-,-,-,-
1362,19,19,ἐμοὶ,0,-,-,-,-,-
1363,19,19,τοίνυν,0,-,-,-,-,-
1364,19,19,τὰ,0,-,-,-,-,-
1365,19,19,μὲν,0,-,-,-,-,-
1366,19,19,ἤδη,0,-,-,-,-,-
1367,19,19,εἰς,0,-,-,-,-,-
1368,19,19,ὑμᾶς,0,-,-,-,-,-
1369,19,19,πεπραγμένα,0,-,-,-,-,-
1370,19,19,σχεδόν,0,-,-,-,-,-
1371,19,19,τι,0,-,-,-,-,-
1372,19,19,ἅπαντες,0,-,-,-,-,-
1373,19,19,ἂν,0,-,-,-,-,-
1374,19,19,"εἰδεῖτε,",0,-,-,-,-,-
1375,19,19,τὰ,0,-,-,-,-,-
1376,19,19,δὲ,0,-,-,-,-,-
1377,19,19,μέλλοντά,0,-,-,-,-,-
1378,19,19,τε,0,-,-,-,-,-
1379,19,19,καὶ,0,-,-,-,-,-
1380,19,19,ἤδη,0,-,-,-,-,-
1381,19,19,πραττόμενα,0,-,-,-,-,-
1382,19,19,ἄνδρες,0,-,-,-,-,-
1383,19,19,ὑμῶν,0,-,-,-,-,-
1384,19,19,πεντακόσιοι,0,-,-,-,-,-
1385,19,19,ἐν,0,-,-,-,-,-
1386,19,19,ἀπορρήτῳ,0,-,-,-,-,-
1387,19,19,ἴσασιν,0,-,-,-,-,-
1388,19,19,ἡ,0,-,-,-,-,-
1389,19,19,βουλήἡ,0,-,-,-,-,-
1390,19,19,βουλή,0,18,-,B-ORG,-,-
1391,19,19,del.,0,-,-,-,-,-
1392,19,19,Valckenaer..,0,-,-,-,-,-
1393,19,19,οὓς,0,-,-,-,-,-
1394,19,19,πολλῷ,0,-,-,-,-,-
1395,19,19,δήπου,0,-,-,-,-,-
1396,19,19,εἰκὸςεἰκὸς,0,-,-,-,-,-
1397,19,19,Ald.:,0,-,-,-,-,-
1398,19,19,εἰς,0,-,-,-,-,-
1399,19,19,codd.,0,-,-,-,-,-
1400,19,19,ἧττον,0,-,-,-,-,-
1401,19,19,ἄν,0,-,-,-,-,-
1402,19,19,τι,0,-,-,-,-,-
1403,19,19,"ἐξαμαρτεῖν,",0,-,-,-,-,-
1404,19,19,ἢ,0,-,-,-,-,-
1405,19,19,εἰ,0,-,-,-,-,-
1406,19,19,ὑμᾶς,0,-,-,-,-,-
1407,19,19,δέοι,0,-,-,-,-,-
1408,19,19,ἀκούσαντάς,0,-,-,-,-,-
1409,19,19,τι,0,-,-,-,-,-
1410,19,19,ἐν,0,-,-,-,-,-
1411,19,19,τῷ,0,-,-,-,-,-
1412,19,19,παραχρῆμα,0,-,-,-,-,-
1413,19,19,νῦν,0,-,-,-,-,-
1414,19,19,διαβουλεύσασθαι.,0,-,-,-,-,-
1415,19,19,οἱ,0,-,-,-,-,-
1416,19,19,μέν,0,-,-,-,-,-
1417,19,19,γε,0,-,-,-,-,-
1418,19,19,σχολῇ,0,-,-,-,-,-
1419,19,19,περὶ,0,-,-,-,-,-
1420,19,19,τῶν,0,-,-,-,-,-
1421,19,19,εἰσαγγελλομένων,0,-,-,-,-,-
1422,19,19,"σκοποῦνται,",0,-,-,-,-,-
1423,19,19,ὑπάρχει,0,-,-,-,-,-
1424,19,19,τε,0,-,-,-,-,-
1425,19,19,"αὐτοῖς,",0,-,-,-,-,-
1426,19,19,ἐάν,0,-,-,-,-,-
1427,19,19,τι,0,-,-,-,-,-
1428,19,19,"ἐξαμαρτάνωσιν,",0,-,-,-,-,-
1429,19,19,αἰτίαν,0,-,-,-,-,-
1430,19,19,ἔχειν,0,-,-,-,-,-
1431,19,19,καὶ,0,-,-,-,-,-
1432,19,19,λόγον,0,-,-,-,-,-
1433,19,19,αἰσχρὸν,0,-,-,-,-,-
1434,19,19,ἐκ,0,-,-,-,-,-
1435,19,19,τῶν,0,-,-,-,-,-
1436,19,19,ἄλλων,0,-,-,-,-,-
1437,19,19,πολιτῶν·,0,-,-,-,-,-
1438,19,19,ὑμῖν,0,-,-,-,-,-
1439,19,19,δὲ,0,-,-,-,-,-
1440,19,19,οὐκ,0,-,-,-,-,-
1441,19,19,εἰσὶν,0,-,-,-,-,-
1442,19,19,ἕτεροι,0,-,-,-,-,-
1443,19,19,ὑφʼ,0,-,-,-,-,-
1444,19,19,ὧν,0,-,-,-,-,-
1445,19,19,αἰτίαν,0,-,-,-,-,-
1446,19,19,ἂνἂν,0,-,-,-,-,-
1447,19,19,add.,0,-,-,-,-,-
1448,19,19,Dobree.,0,-,-,-,-,-
1449,19,19,Ante,0,-,-,-,-,-
1450,19,19,αἰτίαν,0,-,-,-,-,-
1451,19,19,Lipsius.,0,-,-,-,-,-
1452,19,19,ἔχοιτε·,0,-,-,-,-,-
1453,20,20,τὰ,0,-,-,-,-,-
1454,20,20,γὰρ,0,-,-,-,-,-
1455,20,20,ὑμέτερα,0,-,-,-,-,-
1456,20,20,αὐτῶν,0,-,-,-,-,-
1457,20,20,ἐφʼ,0,-,-,-,-,-
1458,20,20,ὑμῖν,0,-,-,-,-,-
1459,20,20,δικαίως,0,-,-,-,-,-
1460,20,20,ἐστὶ,0,-,-,-,-,-
1461,20,20,καὶ,0,-,-,-,-,-
1462,20,20,εὖ,0,-,-,-,-,-
1463,20,20,καὶ,0,-,-,-,-,-
1464,20,20,"κακῶς,",0,-,-,-,-,-
1465,20,20,ἐὰν,0,-,-,-,-,-
1466,20,20,"βούλησθε,",0,-,-,-,-,-
1467,20,20,διαθέσθαι.,0,-,-,-,-,-
1468,20,20,ἅ,0,-,-,-,-,-
1469,20,20,γε,0,-,-,-,-,-
1470,20,20,μέντοι,0,-,-,-,-,-
1471,20,20,ἔξω,0,-,-,-,-,-
1472,20,20,τῶν,0,-,-,-,-,-
1473,20,20,ἀπορρήτων,0,-,-,-,-,-
1474,20,20,οἷόν,0,-,-,-,-,-
1475,20,20,τέοἷόν,0,-,-,-,-,-
1476,20,20,τέ,0,-,-,-,-,-
1477,20,20,Stephanus:,0,-,-,-,-,-
1478,20,20,οἷόν,0,-,-,-,-,-
1479,20,20,γέ,0,-,-,-,-,-
1480,20,20,codd.,0,-,-,-,-,-
1481,20,20,μοί,0,-,-,-,-,-
1482,20,20,ἐστιν,0,-,-,-,-,-
1483,20,20,εἰπεῖν,0,-,-,-,-,-
1484,20,20,εἰς,0,-,-,-,-,-
1485,20,20,ὑμᾶς,0,-,-,-,-,-
1486,20,20,ἤδη,0,-,-,-,-,-
1487,20,20,"πεπραγμένα,",0,-,-,-,-,-
1488,20,20,ἀκούσεσθε.,0,-,-,-,-,-
1489,20,20,ἐπίστασθε,0,-,-,-,-,-
1490,20,20,γὰρ,0,-,-,-,-,-
1491,20,20,που,0,-,-,-,-,-
1492,20,20,ὡς,0,-,-,-,-,-
1493,20,20,ἠγγέλθη,0,-,-,-,-,-
1494,20,20,ὑμῖνὑμῖν,0,-,-,-,-,-
1495,20,20,Valckenaer:,0,-,-,-,-,-
1496,20,20,ἡμῖν,0,-,-,-,-,-
1497,20,20,codd.,0,-,-,-,-,-
1498,20,20,ὅτι,0,-,-,-,-,-
1499,20,20,οὐ,0,-,-,-,-,-
1500,20,20,μέλλει,0,-,-,-,-,-
1501,20,20,ἐκ,0,-,-,-,-,-
1502,20,20,Κύπρου,0,20,-,B-LOC,https://topostext.org/place/350330RCyp,https://www.wikidata.org/wiki/Q644636
1503,20,20,σῖτος,0,-,-,-,-,-
1504,20,20,ἥξειν,0,-,-,-,-,-
1505,20,20,ἐνταῦθα·,0,-,-,-,-,-
1506,20,20,ἐγὼ,0,-,-,-,-,-
1507,20,20,τοίνυν,0,-,-,-,-,-
1508,20,20,τοιοῦτός,0,-,-,-,-,-
1509,20,20,τε,0,-,-,-,-,-
1510,20,20,καὶ,0,-,-,-,-,-
1511,20,20,τοσοῦτος,0,-,-,-,-,-
1512,20,20,"ἐγενόμην,",0,-,-,-,-,-
1513,20,20,ὥστε,0,-,-,-,-,-
1514,20,20,τοὺς,0,-,-,-,-,-
1515,20,20,ἄνδρας,0,-,-,-,-,-
1516,20,20,τοὺς,0,-,-,-,-,-
1517,20,20,ταῦτα,0,-,-,-,-,-
1518,20,20,βουλεύσαντας,0,-,-,-,-,-
1519,20,20,ἐφʼ,0,-,-,-,-,-
1520,20,20,ὑμῖν,0,19,-,B-LOC,https://topostext.org/place/380237PAth,https://www.wikidata.org/wiki/Q844930
1521,20,20,καὶ,0,-,-,-,-,-
1522,20,20,πράξαντας,0,-,-,-,-,-
1523,20,20,ψευσθῆναι,0,-,-,-,-,-
1524,20,20,τῆς,0,-,-,-,-,-
1525,20,20,αὑτῶναὑτῶν,0,-,-,-,-,-
1526,20,20,Baiter,0,-,-,-,-,-
1527,20,20,et,0,-,-,-,-,-
1528,20,20,Sauppe:,0,20,-,I-LOC,https://topostext.org/place/350330RCyp,https://www.wikidata.org/wiki/Q644636
1529,20,20,αὐτῶν,0,-,-,-,-,-
1530,20,20,codd.,0,-,-,-,-,-
1531,20,20,γνώμης.,0,-,-,-,-,-
1532,21,21,καὶ,0,-,-,-,-,-
1533,21,21,ὡς,0,-,-,-,-,-
1534,21,21,μὲν,0,-,-,-,-,-
1535,21,21,ταῦτα,0,-,-,-,-,-
1536,21,21,"διεπράχθη,",0,-,-,-,-,-
1537,21,21,οὐδὲν,0,-,-,-,-,-
1538,21,21,προὔργου,0,-,-,-,-,-
1539,21,21,ἀκοῦσαι,0,-,-,-,-,-
1540,21,21,ὑμῖν·,0,-,-,-,-,-
1541,21,21,τάδε,0,-,-,-,-,-
1542,21,21,δὲτάδε,0,-,-,-,-,-
1543,21,21,δὲ,0,-,-,-,-,-
1544,21,21,Gebauer:,0,-,-,-,-,-
1545,21,21,τὰ,0,-,-,-,-,-
1546,21,21,δὲ,0,-,-,-,-,-
1547,21,21,codd.,0,-,-,-,-,-
1548,21,21,νυνὶ,0,-,-,-,-,-
1549,21,21,βούλομαι,0,-,-,-,-,-
1550,21,21,ὑμᾶς,0,-,-,-,-,-
1551,21,21,"εἰδέναι,",0,-,-,-,-,-
1552,21,21,ὅτι,0,-,-,-,-,-
1553,21,21,αἱ,0,-,-,-,-,-
1554,21,21,μέλλουσαι,0,-,-,-,-,-
1555,21,21,νῆες,0,-,-,-,-,-
1556,21,21,ἤδη,0,-,-,-,-,-
1557,21,21,σιταγωγοὶ,0,-,-,-,-,-
1558,21,21,καταπλεῖν,0,-,-,-,-,-
1559,21,21,εἰς,0,-,-,-,-,-
1560,21,21,τὸν,0,-,-,-,-,-
1561,21,21,Πειραιᾶ,0,21,-,B-LOC,https://topostext.org/place/379236HPei,https://www.wikidata.org/wiki/Q13426467
1562,21,21,εἰσιν,0,-,-,-,-,-
1563,21,21,ὑμῖν,0,-,-,-,-,-
1564,21,21,τέτταρες,0,-,-,-,-,-
1565,21,21,καὶ,0,-,-,-,-,-
1566,21,21,"δέκα,",0,-,-,-,-,-
1567,21,21,αἱ,0,-,-,-,-,-
1568,21,21,δὲ,0,-,-,-,-,-
1569,21,21,λοιπαὶ,0,-,-,-,-,-
1570,21,21,τῶν,0,-,-,-,-,-
1571,21,21,ἐκ,0,-,-,-,-,-
1572,21,21,Κύπρου,0,22,-,B-LOC,https://topostext.org/place/350330RCyp,https://www.wikidata.org/wiki/Q644636
1573,21,21,ἀναχθεισῶν,0,-,-,-,-,-
1574,21,21,ἥξουσιν,0,-,-,-,-,-
1575,21,21,ἁθρόαι,0,-,-,-,-,-
1576,21,21,οὐ,0,-,-,-,-,-
1577,21,21,πολὺ,0,-,-,-,-,-
1578,21,21,ὕστερον.,0,-,-,-,-,-
1579,21,21,ἐδεξάμην,0,-,-,-,-,-
1580,21,21,δʼ,0,-,-,-,-,-
1581,21,21,ἂνἂν,0,-,-,-,-,-
1582,21,21,add.,0,-,-,-,-,-
1583,21,21,Dobree.,0,-,-,-,-,-
1584,21,21,ἀντὶ,0,-,-,-,-,-
1585,21,21,πάντων,0,-,-,-,-,-
1586,21,21,χρημάτων,0,-,-,-,-,-
1587,21,21,εἶναι,0,-,-,-,-,-
1588,21,21,ἐν,0,-,-,-,-,-
1589,21,21,ἀσφαλεῖ,0,-,-,-,-,-
1590,21,21,φράσαι,0,-,-,-,-,-
1591,21,21,πρὸς,0,-,-,-,-,-
1592,21,21,ὑμᾶς,0,-,-,-,-,-
1593,21,21,ἃ,0,-,-,-,-,-
1594,21,21,καὶ,0,-,-,-,-,-
1595,21,21,τῇ,0,-,-,-,-,-
1596,21,21,βουλῇ,0,23,-,B-ORG,-,-
1597,21,21,ἐν,0,-,-,-,-,-
1598,21,21,ἀπορρήτῳ,0,-,-,-,-,-
1599,21,21,"εἰσήγγειλα,",0,-,-,-,-,-
1600,21,21,ὅπως,0,-,-,-,-,-
1601,21,21,αὐτόθεν,0,-,-,-,-,-
1602,21,21,προῄδετε.προῄδετε,0,-,-,-,-,-
1603,21,21,Blass:,0,-,-,-,-,-
1604,21,21,προειδῆτε,0,-,-,-,-,-
1605,21,21,codd.,0,-,-,-,-,-
1606,22,22,νῦν,0,-,-,-,-,-
1607,22,22,δὲ,0,-,-,-,-,-
1608,22,22,ἐκεῖνα,0,-,-,-,-,-
1609,22,22,μὲν,0,-,-,-,-,-
1610,22,22,τότε,0,-,-,-,-,-
1611,22,22,ὅταν,0,-,-,-,-,-
1612,22,22,ἀποτελεσθῇ,0,-,-,-,-,-
1613,22,22,γνώσεσθε,0,-,-,-,-,-
1614,22,22,ἅμα,0,-,-,-,-,-
1615,22,22,καὶ,0,-,-,-,-,-
1616,22,22,ὠφελήσεσθεὠφελήσεσθε,0,-,-,-,-,-
1617,22,22,Fuhr:,0,-,-,-,-,-
1618,22,22,ὠφεληθήσεσθε,0,-,-,-,-,-
1619,22,22,codd.·,0,-,-,-,-,-
1620,22,22,νῦν,0,-,-,-,-,-
1621,22,22,"δέ,",0,-,-,-,-,-
1622,22,22,ὦ,0,-,-,-,-,-
1623,22,22,"Ἀθηναῖοι,",0,-,-,-,-,-
1624,22,22,εἴ,0,-,-,-,-,-
1625,22,22,μοι,0,-,-,-,-,-
1626,22,22,βουληθεῖτε,0,-,-,-,-,-
1627,22,22,δοῦναι,0,-,-,-,-,-
1628,22,22,χάριν,0,-,-,-,-,-
1629,22,22,μικράν,0,-,-,-,-,-
1630,22,22,τε,0,-,-,-,-,-
1631,22,22,καὶ,0,-,-,-,-,-
1632,22,22,ἄπονον,0,-,-,-,-,-
1633,22,22,ὑμῖν,0,-,-,-,-,-
1634,22,22,καὶ,0,-,-,-,-,-
1635,22,22,ἅμα,0,-,-,-,-,-
1636,22,22,"δικαίαν,",0,-,-,-,-,-
1637,22,22,πάνυ,0,-,-,-,-,-
1638,22,22,ἄν,0,-,-,-,-,-
1639,22,22,μοι,0,-,-,-,-,-
1640,22,22,τοῦτο,0,-,-,-,-,-
1641,22,22,ἐν,0,-,-,-,-,-
1642,22,22,μεγάλῃ,0,-,-,-,-,-
1643,22,22,ἡδονῇ,0,-,-,-,-,-
1644,22,22,γένοιτο.,0,-,-,-,-,-
1645,22,22,ὡς,0,-,-,-,-,-
1646,22,22,δὲ,0,-,-,-,-,-
1647,22,22,καὶ,0,-,-,-,-,-
1648,22,22,δικαία,0,-,-,-,-,-
1649,22,22,"ἐστίν,",0,-,-,-,-,-
1650,22,22,εἴσεσθε.,0,-,-,-,-,-
1651,22,22,ἃ,0,-,-,-,-,-
1652,22,22,γάρ,0,-,-,-,-,-
1653,22,22,μοι,0,-,-,-,-,-
1654,22,22,αὐτοὶ,0,-,-,-,-,-
1655,22,22,γνόντες,0,-,-,-,-,-
1656,22,22,τε,0,-,-,-,-,-
1657,22,22,καὶ,0,-,-,-,-,-
1658,22,22,ὑποσχόμενοι,0,-,-,-,-,-
1659,22,22,"ἔδοτε,",0,-,-,-,-,-
1660,22,22,ὕστερον,0,-,-,-,-,-
1661,22,22,δὲ,0,-,-,-,-,-
1662,22,22,ἑτέροις,0,-,-,-,-,-
1663,22,22,πειθόμενοι,0,-,-,-,-,-
1664,22,22,"ἀφείλεσθε,",0,-,-,-,-,-
1665,22,22,ταῦθʼ,0,-,-,-,-,-
1666,22,22,"ὑμᾶς,",0,-,-,-,-,-
1667,22,22,εἰ,0,-,-,-,-,-
1668,22,22,μὲν,0,-,-,-,-,-
1669,22,22,"βούλεσθε,",0,-,-,-,-,-
1670,22,22,"αἰτῶ,",0,-,-,-,-,-
1671,22,22,εἰ,0,-,-,-,-,-
1672,22,22,δὲ,0,-,-,-,-,-
1673,22,22,μὴμὴ,0,-,-,-,-,-
1674,22,22,ante,0,-,-,-,-,-
1675,22,22,βούλεσθε,0,-,-,-,-,-
1676,22,22,del.,0,-,-,-,-,-
1677,22,22,Reiske.,0,-,-,-,-,-
1678,22,22,"βούλεσθε,",0,-,-,-,-,-
1679,22,22,ἀπαιτῶ.,0,-,-,-,-,-
1680,23,23,ὁρῶ,0,-,-,-,-,-
1681,23,23,δὲ,0,-,-,-,-,-
1682,23,23,ὑμᾶς,0,-,-,-,-,-
1683,23,23,πολλάκις,0,-,-,-,-,-
1684,23,23,καὶ,0,-,-,-,-,-
1685,23,23,δούλοις,0,-,-,-,-,-
1686,23,23,ἀνθρώποις,0,-,-,-,-,-
1687,23,23,καὶ,0,-,-,-,-,-
1688,23,23,ξένοις,0,-,-,-,-,-
1689,23,23,παντοδαποῖςπαντοδαποῖς,0,-,-,-,-,-
1690,23,23,Stephanus:,0,-,-,-,-,-
1691,23,23,παντοδαπῆς,0,-,-,-,-,-
1692,23,23,codd.,0,-,-,-,-,-
1693,23,23,πολιτείαν,0,-,-,-,-,-
1694,23,23,τε,0,-,-,-,-,-
1695,23,23,διδόνταςπολιτείαν,0,-,-,-,-,-
1696,23,23,τε,0,-,-,-,-,-
1697,23,23,διδόντας,0,-,-,-,-,-
1698,23,23,Reiske:,0,-,-,-,-,-
1699,23,23,πολιτείας,0,-,-,-,-,-
1700,23,23,διδόντας,0,-,-,-,-,-
1701,23,23,τεcodd.,0,-,-,-,-,-
1702,23,23,καὶ,0,-,-,-,-,-
1703,23,23,εἰς,0,-,-,-,-,-
1704,23,23,χρήματα,0,-,-,-,-,-
1705,23,23,μεγάλας,0,-,-,-,-,-
1706,23,23,"δωρείας,",0,-,-,-,-,-
1707,23,23,οἳ,0,-,-,-,-,-
1708,23,23,ἂν,0,-,-,-,-,-
1709,23,23,ὑμᾶς,0,-,-,-,-,-
1710,23,23,φαίνωνται,0,-,-,-,-,-
1711,23,23,ποιοῦντές,0,-,-,-,-,-
1712,23,23,τι,0,-,-,-,-,-
1713,23,23,ἀγαθόν.,0,-,-,-,-,-
1714,23,23,καὶ,0,-,-,-,-,-
1715,23,23,ταῦτα,0,-,-,-,-,-
1716,23,23,μέντοι,0,-,-,-,-,-
1717,23,23,ὀρθῶς,0,-,-,-,-,-
1718,23,23,ὑμεῖς,0,-,-,-,-,-
1719,23,23,φρονοῦντες,0,-,-,-,-,-
1720,23,23,δίδοτε·,0,-,-,-,-,-
1721,23,23,οὕτω,0,-,-,-,-,-
1722,23,23,γὰρ,0,-,-,-,-,-
1723,23,23,ἂν,0,-,-,-,-,-
1724,23,23,ὑπὸ,0,-,-,-,-,-
1725,23,23,πλείστων,0,-,-,-,-,-
1726,23,23,ἀνθρώπων,0,-,-,-,-,-
1727,23,23,εὖ,0,-,-,-,-,-
1728,23,23,πάσχοιτε.,0,-,-,-,-,-
1729,23,23,ἐγὼ,0,-,-,-,-,-
1730,23,23,τοίνυν,0,-,-,-,-,-
1731,23,23,τοσοῦτον,0,-,-,-,-,-
1732,23,23,ὑμῶν,0,-,-,-,-,-
1733,23,23,μόνον,0,-,-,-,-,-
1734,23,23,δέομαι·,0,-,-,-,-,-
1735,23,23,τὸ,0,-,-,-,-,-
1736,23,23,ψήφισμα,0,-,-,-,-,-
1737,23,23,ὃ,0,-,-,-,-,-
1738,23,23,Μενίππου,0,24,-,B-PER,/people/621,https://www.wikidata.org/wiki/Q452077
1739,23,23,εἰπόντος,0,-,-,-,-,-
1740,23,23,"ἐψηφίσασθε,",0,-,-,-,-,-
1741,23,23,εἶναί,0,-,-,-,-,-
1742,23,23,μοι,0,-,-,-,-,-
1743,23,23,"ἄδειαν,",0,-,-,-,-,-
1744,23,23,πάλιν,0,-,-,-,-,-
1745,23,23,ἀπόδοτε.,0,-,-,-,-,-
1746,23,23,ἀναγνώσεται,0,-,-,-,-,-
1747,23,23,δὲ,0,-,-,-,-,-
1748,23,23,ὑμῖν,0,-,-,-,-,-
1749,23,23,αὐτό·,0,-,-,-,-,-
1750,23,23,ἔτι,0,-,-,-,-,-
1751,23,23,γὰρ,0,-,-,-,-,-
1752,23,23,καὶ,0,-,-,-,-,-
1753,23,23,νῦν,0,-,-,-,-,-
1754,23,23,ἐγγέγραπται,0,-,-,-,-,-
1755,23,23,ἐν,0,-,-,-,-,-
1756,23,23,τῷ,0,-,-,-,-,-
1757,23,23,βουλευτηρίῳ.,0,25,-,B-ORG,https://topostext.org/place/380237BBol,https://www.wikidata.org/wiki/Q38278350
1758,24,24,Ψήφισματουτὶ,0,-,-,-,-,-
1759,24,24,τὸ,0,-,-,-,-,-
1760,24,24,ψήφισμα,0,-,-,-,-,-
1761,24,24,ὃ,0,-,-,-,-,-
1762,24,24,ἠκούσατε,0,-,-,-,-,-
1763,24,24,ψηφισάμενοί,0,-,-,-,-,-
1764,24,24,"μοι,",0,-,-,-,-,-
1765,24,24,ὦ,0,-,-,-,-,-
1766,24,24,"Ἀθηναῖοι,",0,-,-,-,-,-
1767,24,24,ὕστερον,0,-,-,-,-,-
1768,24,24,ἀφείλεσθε,0,-,-,-,-,-
1769,24,24,χάριν,0,-,-,-,-,-
1770,24,24,ἑτέρῳ,0,-,-,-,-,-
1771,24,24,φέροντες.,0,-,-,-,-,-
1772,24,24,πείθεσθε,0,-,-,-,-,-
1773,24,24,οὖν,0,-,-,-,-,-
1774,24,24,"μοι,",0,-,-,-,-,-
1775,24,24,καὶ,0,-,-,-,-,-
1776,24,24,ἤδη,0,-,-,-,-,-
1777,24,24,παύσασθε,0,-,-,-,-,-
1778,24,24,εἴ,0,-,-,-,-,-
1779,24,24,τῳ,0,-,-,-,-,-
1780,24,24,ὑμῶν,0,-,-,-,-,-
1781,24,24,διάβολόν,0,-,-,-,-,-
1782,24,24,τι,0,-,-,-,-,-
1783,24,24,ἐν,0,-,-,-,-,-
1784,24,24,τῇ,0,-,-,-,-,-
1785,24,24,γνώμῃ,0,-,-,-,-,-
1786,24,24,περὶ,0,-,-,-,-,-
1787,24,24,ἐμοῦ,0,-,-,-,-,-
1788,24,24,παρέστηκεν.,0,-,-,-,-,-
1789,24,24,εἰ,0,-,-,-,-,-
1790,24,24,γὰρ,0,-,-,-,-,-
1791,24,24,ὅσα,0,-,-,-,-,-
1792,24,24,οἱ,0,-,-,-,-,-
1793,24,24,ἄνθρωποι,0,-,-,-,-,-
1794,24,24,γνώμῃ,0,-,-,-,-,-
1795,24,24,"ἁμαρτάνουσι,",0,-,-,-,-,-
1796,24,24,τὸ,0,-,-,-,-,-
1797,24,24,σῶμα,0,-,-,-,-,-
1798,24,24,αὐτῶν,0,-,-,-,-,-
1799,24,24,μὴ,0,-,-,-,-,-
1800,24,24,αἴτιόν,0,-,-,-,-,-
1801,24,24,"ἐστιν,",0,-,-,-,-,-
1802,24,24,ἐμοῦἐμοῦ,0,-,-,-,-,-
1803,24,24,Reiske:,0,-,-,-,-,-
1804,24,24,ὁμοῦ,0,-,-,-,-,-
1805,24,24,codd.,0,-,-,-,-,-
1806,24,24,τὸ,0,-,-,-,-,-
1807,24,24,μὲν,0,-,-,-,-,-
1808,24,24,σῶμα,0,-,-,-,-,-
1809,24,24,τυγχάνει,0,-,-,-,-,-
1810,24,24,ταὐτὸν,0,-,-,-,-,-
1811,24,24,ἔτι,0,-,-,-,-,-
1812,24,24,"ὄν,ταὐτὸν",0,-,-,-,-,-
1813,24,24,ἔτι,0,-,-,-,-,-
1814,24,24,ὄν,0,-,-,-,-,-
1815,24,24,Bekker:,0,-,-,-,-,-
1816,24,24,τοῦτʼ,0,-,-,-,-,-
1817,24,24,ἀναίτιον,0,-,-,-,-,-
1818,24,24,codd.,0,-,-,-,-,-
1819,24,24,ὅπερ,0,-,-,-,-,-
1820,24,24,τῆς,0,-,-,-,-,-
1821,24,24,αἰτίας,0,-,-,-,-,-
1822,24,24,"ἀπήλλακται,",0,-,-,-,-,-
1823,24,24,ἡ,0,-,-,-,-,-
1824,24,24,δὲ,0,-,-,-,-,-
1825,24,24,γνώμη,0,-,-,-,-,-
1826,24,24,ἀντὶ,0,-,-,-,-,-
1827,24,24,τῆς,0,-,-,-,-,-
1828,24,24,προτέρας,0,-,-,-,-,-
1829,24,24,ἑτέρα,0,-,-,-,-,-
1830,24,24,νυνὶ,0,-,-,-,-,-
1831,24,24,παρέστηκεν.,0,-,-,-,-,-
1832,24,24,οὐδὲν,0,-,-,-,-,-
1833,24,24,οὖν,0,-,-,-,-,-
1834,24,24,ἔτι,0,-,-,-,-,-
1835,24,24,ὑπολείπεται,0,-,-,-,-,-
1836,24,24,ὅτῳ,0,-,-,-,-,-
1837,24,24,ἄν,0,-,-,-,-,-
1838,24,24,μοι,0,-,-,-,-,-
1839,24,24,δικαίως,0,-,-,-,-,-
1840,24,24,διαβεβλῇσθε.διαβεβλῇσθε,0,-,-,-,-,-
1841,24,24,Bekker:,0,-,-,-,-,-
1842,24,24,διαβεβλῆσθαι,0,-,-,-,-,-
1843,24,24,codd.,0,-,-,-,-,-
1844,25,25,ὥσπερ,0,-,-,-,-,-
1845,25,25,δὲ,0,-,-,-,-,-
1846,25,25,τῆς,0,-,-,-,-,-
1847,25,25,τότε,0,-,-,-,-,-
1848,25,25,ἁμαρτίας,0,-,-,-,-,-
1849,25,25,τὰ,0,-,-,-,-,-
1850,25,25,ἀπὸ,0,-,-,-,-,-
1851,25,25,τῶν,0,-,-,-,-,-
1852,25,25,ἔργων,0,-,-,-,-,-
1853,25,25,σημεῖα,0,-,-,-,-,-
1854,25,25,ἔφατε,0,-,-,-,-,-
1855,25,25,χρῆναι,0,-,-,-,-,-
1856,25,25,πιστότατα,0,-,-,-,-,-
1857,25,25,ποιούμενοι,0,-,-,-,-,-
1858,25,25,κακόν,0,-,-,-,-,-
1859,25,25,με,0,-,-,-,-,-
1860,25,25,ἄνδρα,0,-,-,-,-,-
1861,25,25,"ἡγεῖσθαι,",0,-,-,-,-,-
1862,25,25,οὕτω,0,-,-,-,-,-
1863,25,25,καὶ,0,-,-,-,-,-
1864,25,25,ἐπὶ,0,-,-,-,-,-
1865,25,25,τῇ,0,-,-,-,-,-
1866,25,25,νῦν,0,-,-,-,-,-
1867,25,25,εὐνοίᾳ,0,-,-,-,-,-
1868,25,25,μὴ,0,-,-,-,-,-
1869,25,25,ζητεῖτε,0,-,-,-,-,-
1870,25,25,ἑτέραν,0,-,-,-,-,-
1871,25,25,βάσανον,0,-,-,-,-,-
1872,25,25,ἢ,0,-,-,-,-,-
1873,25,25,τὰ,0,-,-,-,-,-
1874,25,25,ἀπὸ,0,-,-,-,-,-
1875,25,25,τῶν,0,-,-,-,-,-
1876,25,25,νυνὶ,0,-,-,-,-,-
1877,25,25,ἔργων,0,-,-,-,-,-
1878,25,25,σημεῖα,0,-,-,-,-,-
1879,25,25,ὑμῖν,0,-,-,-,-,-
1880,25,25,γιγνόμενα.,0,-,-,-,-,-
1881,26,26,πολὺ,0,-,-,-,-,-
1882,26,26,δέ,0,-,-,-,-,-
1883,26,26,μοι,0,-,-,-,-,-
1884,26,26,προσήκει,0,-,-,-,-,-
1885,26,26,ταῦτα,0,-,-,-,-,-
1886,26,26,μᾶλλον,0,-,-,-,-,-
1887,26,26,ἐκείνων,0,-,-,-,-,-
1888,26,26,καὶ,0,-,-,-,-,-
1889,26,26,τῷ,0,-,-,-,-,-
1890,26,26,γένει,0,-,-,-,-,-
1891,26,26,συνηθέστερά,0,-,-,-,-,-
1892,26,26,ἐστι.,0,-,-,-,-,-
1893,26,26,τάδε,0,-,-,-,-,-
1894,26,26,γὰρ,0,-,-,-,-,-
1895,26,26,οὐ,0,-,-,-,-,-
1896,26,26,ψευσαμένῳ,0,-,-,-,-,-
1897,26,26,μοι,0,-,-,-,-,-
1898,26,26,λαθεῖν,0,-,-,-,-,-
1899,26,26,οἷόν,0,-,-,-,-,-
1900,26,26,τʼ,0,-,-,-,-,-
1901,26,26,ἐστι,0,-,-,-,-,-
1902,26,26,τούς,0,-,-,-,-,-
1903,26,26,γε,0,-,-,-,-,-
1904,26,26,πρεσβυτέρους,0,-,-,-,-,-
1905,26,26,"ὑμῶν,",0,-,-,-,-,-
1906,26,26,ὅτι,0,-,-,-,-,-
1907,26,26,ὁ,0,-,-,-,-,-
1908,26,26,τοῦ,0,-,-,-,-,-
1909,26,26,ἐμοῦ,0,-,-,-,-,-
1910,26,26,πατρὸς,0,-,-,-,-,-
1911,26,26,πάπποςπάππος,0,-,-,-,-,-
1912,26,26,"Valckenaer,",0,26,-,B-PER,/people/2238,https://www.wikidata.org/wiki/
1913,26,26,coll.,0,-,-,-,-,-
1914,26,26,Myst.,0,-,-,-,-,-
1915,26,26,106:,0,-,-,-,-,-
1916,26,26,πρόπαππος,0,-,-,-,-,-
1917,26,26,codd.,0,-,-,-,-,-
1918,26,26,Λεωγόρας,0,26,-,I-PER,/people/2238,https://www.wikidata.org/wiki/
1919,26,26,στασιάσας,0,-,-,-,-,-
1920,26,26,πρὸς,0,-,-,-,-,-
1921,26,26,τοὺς,0,-,-,-,-,-
1922,26,26,τυράννους,0,-,-,-,-,-
1923,26,26,ὑπὲρ,0,-,-,-,-,-
1924,26,26,τοῦ,0,-,-,-,-,-
1925,26,26,"δήμου,",0,-,-,-,-,-
1926,26,26,ἐξὸν,0,-,-,-,-,-
1927,26,26,αὐτῷ,0,-,-,-,-,-
1928,26,26,διαλλαχθέντι,0,-,-,-,-,-
1929,26,26,τῆς,0,-,-,-,-,-
1930,26,26,ἔχθρας,0,-,-,-,-,-
1931,26,26,καὶ,0,-,-,-,-,-
1932,26,26,γενομένῳ,0,-,-,-,-,-
1933,26,26,κηδεστῇ,0,-,-,-,-,-
1934,26,26,ἄρξαι,0,-,-,-,-,-
1935,26,26,μετʼ,0,-,-,-,-,-
1936,26,26,ἐκείνων,0,-,-,-,-,-
1937,26,26,τῶν,0,-,-,-,-,-
1938,26,26,ἀνδρῶν,0,-,-,-,-,-
1939,26,26,τῆς,0,-,-,-,-,-
1940,26,26,"πόλεως,",0,-,-,-,-,-
1941,26,26,εἵλετο,0,-,-,-,-,-
1942,26,26,μᾶλλον,0,-,-,-,-,-
1943,26,26,ἐκπεσεῖν,0,-,-,-,-,-
1944,26,26,μετὰ,0,-,-,-,-,-
1945,26,26,τοῦ,0,-,-,-,-,-
1946,26,26,δήμου,0,-,-,-,-,-
1947,26,26,καὶ,0,-,-,-,-,-
1948,26,26,φεύγων,0,-,-,-,-,-
1949,26,26,κακοπαθεῖν,0,-,-,-,-,-
1950,26,26,μᾶλλον,0,-,-,-,-,-
1951,26,26,ἢ,0,-,-,-,-,-
1952,26,26,προδότης,0,-,-,-,-,-
1953,26,26,αὐτῶν,0,-,-,-,-,-
1954,26,26,καταστῆναι.,0,-,-,-,-,-
1955,26,26,ὥστʼ,0,-,-,-,-,-
1956,26,26,ἔμοιγε,0,-,-,-,-,-
1957,26,26,καὶ,0,-,-,-,-,-
1958,26,26,διὰ,0,-,-,-,-,-
1959,26,26,τὰ,0,-,-,-,-,-
1960,26,26,τῶν,0,-,-,-,-,-
1961,26,26,προγόνων,0,-,-,-,-,-
1962,26,26,ἔργα,0,-,-,-,-,-
1963,26,26,εἰκότως,0,-,-,-,-,-
1964,26,26,ὑπάρχει,0,-,-,-,-,-
1965,26,26,δημοτικῷ,0,-,-,-,-,-
1966,26,26,"εἶναι,",0,-,-,-,-,-
1967,26,26,εἴπερ,0,-,-,-,-,-
1968,26,26,τι,0,-,-,-,-,-
1969,26,26,ἀλλὰ,0,-,-,-,-,-
1970,26,26,νῦν,0,-,-,-,-,-
1971,26,26,γεἀλλὰ,0,-,-,-,-,-
1972,26,26,νῦν,0,-,-,-,-,-
1973,26,26,γε,0,-,-,-,-,-
1974,26,26,Schneider:,0,-,-,-,-,-
1975,26,26,ἄλλο,0,-,-,-,-,-
1976,26,26,νῦν,0,-,-,-,-,-
1977,26,26,γεcodd.,0,-,-,-,-,-
1978,26,26,φρονῶν,0,-,-,-,-,-
1979,26,26,τυγχάνω.,0,-,-,-,-,-
1980,26,26,ὧν,0,-,-,-,-,-
1981,26,26,καὶ,0,-,-,-,-,-
1982,26,26,ἕνεκα,0,-,-,-,-,-
1983,26,26,εἰκὸς,0,-,-,-,-,-
1984,26,26,"ὑμᾶς,",0,-,-,-,-,-
1985,26,26,ἐὰν,0,-,-,-,-,-
1986,26,26,χρηστὸς,0,-,-,-,-,-
1987,26,26,ὢν,0,-,-,-,-,-
1988,26,26,ἀνὴρ,0,-,-,-,-,-
1989,26,26,εἰς,0,-,-,-,-,-
1990,26,26,ὑμᾶς,0,-,-,-,-,-
1991,26,26,"φαίνωμαι,",0,-,-,-,-,-
1992,26,26,προθυμότερόν,0,-,-,-,-,-
1993,26,26,μου,0,-,-,-,-,-
1994,26,26,ἀποδέχεσθαι,0,-,-,-,-,-
1995,26,26,τὰ,0,-,-,-,-,-
1996,26,26,πραττόμενα.,0,-,-,-,-,-
1997,27,27,τὸ,0,-,-,-,-,-
1998,27,27,δὲ,0,-,-,-,-,-
1999,27,27,δόντας,0,-,-,-,-,-
2000,27,27,ἐμοὶ,0,-,-,-,-,-
2001,27,27,τὴν,0,-,-,-,-,-
2002,27,27,ἄδειαν,0,-,-,-,-,-
2003,27,27,ἀφελέσθαι,0,-,-,-,-,-
2004,27,27,"ὑμᾶς,",0,-,-,-,-,-
2005,27,27,εὖ,0,-,-,-,-,-
2006,27,27,ἴστε,0,-,-,-,-,-
2007,27,27,ὅτι,0,-,-,-,-,-
2008,27,27,οὐδεπώποτε,0,-,-,-,-,-
2009,27,27,ἠγανάκτησα·,0,-,-,-,-,-
2010,27,27,ὅπου,0,-,-,-,-,-
2011,27,27,γὰρ,0,-,-,-,-,-
2012,27,27,ὑπὸ,0,-,-,-,-,-
2013,27,27,τῶν,0,-,-,-,-,-
2014,27,27,ἀνδρῶν,0,-,-,-,-,-
2015,27,27,τούτων,0,-,-,-,-,-
2016,27,27,αὐτοὶ,0,-,-,-,-,-
2017,27,27,εἰς,0,-,-,-,-,-
2018,27,27,ὑμᾶς,0,-,-,-,-,-
2019,27,27,αὐτοὺς,0,-,-,-,-,-
2020,27,27,ἐπείσθητε,0,-,-,-,-,-
2021,27,27,τὰ,0,-,-,-,-,-
2022,27,27,μέγιστα,0,-,-,-,-,-
2023,27,27,"ἐξαμαρτεῖν,",0,-,-,-,-,-
2024,27,27,ὥστε,0,-,-,-,-,-
2025,27,27,ἀντὶ,0,-,-,-,-,-
2026,27,27,τῆς,0,-,-,-,-,-
2027,27,27,ἀρχῆς,0,-,-,-,-,-
2028,27,27,δουλείαν,0,-,-,-,-,-
2029,27,27,"ἀλλάξασθαι,",0,-,-,-,-,-
2030,27,27,ἐκ,0,-,-,-,-,-
2031,27,27,δημοκρατίας,0,-,-,-,-,-
2032,27,27,δυναστείαν,0,-,-,-,-,-
2033,27,27,"καταστήσαντες,",0,-,-,-,-,-
2034,27,27,τί,0,-,-,-,-,-
2035,27,27,ἄν,0,-,-,-,-,-
2036,27,27,τις,0,-,-,-,-,-
2037,27,27,ὑμῶν,0,-,-,-,-,-
2038,27,27,θαυμάζοι,0,-,-,-,-,-
2039,27,27,καὶ,0,-,-,-,-,-
2040,27,27,εἰς,0,-,-,-,-,-
2041,27,27,ἐμὲ,0,-,-,-,-,-
2042,27,27,εἴ,0,-,-,-,-,-
2043,27,27,τι,0,-,-,-,-,-
2044,27,27,ἐπείσθητε,0,-,-,-,-,-
2045,27,27,ἐξαμαρτεῖν;,0,-,-,-,-,-
2046,28,28,βουλοίμην,0,-,-,-,-,-
2047,28,28,μέντʼ,0,-,-,-,-,-
2048,28,28,"ἄν,",0,-,-,-,-,-
2049,28,28,ὥσπερ,0,-,-,-,-,-
2050,28,28,ἐν,0,-,-,-,-,-
2051,28,28,τοῖς,0,-,-,-,-,-
2052,28,28,ὑμετέροις,0,-,-,-,-,-
2053,28,28,αὐτῶν,0,-,-,-,-,-
2054,28,28,"πράγμασιν,",0,-,-,-,-,-
2055,28,28,ἐπειδὴ,0,-,-,-,-,-
2056,28,28,ἐξουσίαν,0,-,-,-,-,-
2057,28,28,"ἐλάβετε,",0,-,-,-,-,-
2058,28,28,τὰς,0,-,-,-,-,-
2059,28,28,τῶν,0,-,-,-,-,-
2060,28,28,ἐξαπατησάντων,0,-,-,-,-,-
2061,28,28,ὑμᾶς,0,-,-,-,-,-
2062,28,28,ἀκύρους,0,-,-,-,-,-
2063,28,28,ἔθετε,0,-,-,-,-,-
2064,28,28,"βουλάς,",0,-,-,-,-,-
2065,28,28,οὕτω,0,-,-,-,-,-
2066,28,28,καὶ,0,-,-,-,-,-
2067,28,28,ἐν,0,-,-,-,-,-
2068,28,28,ᾧ,0,-,-,-,-,-
2069,28,28,περὶ,0,-,-,-,-,-
2070,28,28,ἐμοῦ,0,-,-,-,-,-
2071,28,28,ἐπείσθητε,0,-,-,-,-,-
2072,28,28,γνῶναί,0,-,-,-,-,-
2073,28,28,τι,0,-,-,-,-,-
2074,28,28,"ἀνεπιτήδειον,",0,-,-,-,-,-
2075,28,28,ἀτελῆ,0,-,-,-,-,-
2076,28,28,τὴν,0,-,-,-,-,-
2077,28,28,γνώμην,0,-,-,-,-,-
2078,28,28,αὐτῶν,0,-,-,-,-,-
2079,28,28,"ποιῆσαι,",0,-,-,-,-,-
2080,28,28,καὶ,0,-,-,-,-,-
2081,28,28,μήτε,0,-,-,-,-,-
2082,28,28,ἐν,0,-,-,-,-,-
2083,28,28,τούτῳ,0,-,-,-,-,-
2084,28,28,μήτε,0,-,-,-,-,-
2085,28,28,ἐν,0,-,-,-,-,-
2086,28,28,ἑτέρῳ,0,-,-,-,-,-
2087,28,28,τῳ,0,-,-,-,-,-
2088,28,28,τοῖς,0,-,-,-,-,-
2089,28,28,ὑμῶν,0,-,-,-,-,-
2090,28,28,αὐτῶν,0,-,-,-,-,-
2091,28,28,ἐχθίστοις,0,-,-,-,-,-
2092,28,28,ὁμόψηφοί,0,-,-,-,-,-
2093,28,28,ποτε,0,-,-,-,-,-
2094,28,28,γένησθε.,0,-,-,-,-,-
